time,open,high,low,close,volume
2021-11-22 12:00:00+00:00,3.959,3.959,3.955,3.956,5
2021-11-22 14:00:00+00:00,3.936,3.936,3.9,3.9,4
2021-11-22 19:00:00+00:00,3.956,3.956,3.956,3.956,1
2021-11-23 07:00:00+00:00,3.99,3.99,3.99,3.99,1
2021-11-23 10:00:00+00:00,4.01,4.01,4.01,4.01,1
2021-11-23 15:00:00+00:00,4.04,4.04,4.04,4.04,1
2021-11-23 20:00:00+00:00,4.1,4.1,4.1,4.1,1
2021-11-24 13:00:00+00:00,4.126,4.126,4.126,4.126,3
2021-11-24 19:00:00+00:00,4.171,4.174,4.171,4.174,5
2021-11-26 07:00:00+00:00,4.228,4.23,4.228,4.23,2
2021-11-26 08:00:00+00:00,4.202,4.202,4.202,4.202,5
2021-11-29 06:00:00+00:00,4.23,4.23,4.23,4.23,1
2021-11-29 12:00:00+00:00,4.22,4.22,4.182,4.182,6
2021-11-29 15:00:00+00:00,4.083,4.083,4.083,4.083,3
2021-11-29 17:00:00+00:00,4.09,4.09,4.09,4.09,2
2021-11-29 18:00:00+00:00,4.086,4.09,4.086,4.09,6
2021-11-30 06:00:00+00:00,4.0,4.0,4.0,4.0,3
2021-11-30 11:00:00+00:00,3.95,3.95,3.95,3.95,1
2021-11-30 13:00:00+00:00,3.939,3.939,3.939,3.939,3
2021-11-30 14:00:00+00:00,3.89,3.947,3.89,3.947,10
2021-11-30 18:00:00+00:00,3.9699999999999998,4.0,3.9699999999999998,4.0,3
2021-12-01 06:00:00+00:00,3.945,3.945,3.945,3.945,3
2021-12-01 07:00:00+00:00,3.9,3.9,3.894,3.894,6
2021-12-01 08:00:00+00:00,3.867,3.867,3.867,3.867,3
2021-12-01 14:00:00+00:00,3.886,3.886,3.868,3.868,5
2021-12-01 15:00:00+00:00,3.858,3.858,3.858,3.858,8
2021-12-01 17:00:00+00:00,3.8,3.8,3.8,3.8,10
2021-12-01 18:00:00+00:00,3.7800000000000002,3.7800000000000002,3.7800000000000002,3.7800000000000002,4
2021-12-02 08:00:00+00:00,3.776,3.776,3.776,3.776,6
2021-12-02 09:00:00+00:00,3.819,3.819,3.819,3.819,1
2021-12-02 10:00:00+00:00,3.822,3.822,3.822,3.822,1
2021-12-02 11:00:00+00:00,3.8209999999999997,3.8209999999999997,3.8120000000000003,3.8120000000000003,8
2021-12-02 15:00:00+00:00,3.823,3.823,3.823,3.823,4
2021-12-02 16:00:00+00:00,3.828,3.828,3.823,3.823,4
2021-12-02 17:00:00+00:00,3.75,3.75,3.75,3.75,1
2021-12-02 18:00:00+00:00,3.719,3.719,3.719,3.719,2
2021-12-03 09:00:00+00:00,3.784,3.784,3.784,3.784,1
2021-12-03 12:00:00+00:00,3.766,3.766,3.766,3.766,4
2021-12-03 13:00:00+00:00,3.739,3.739,3.739,3.739,2
2021-12-03 16:00:00+00:00,3.766,3.766,3.766,3.766,4
2021-12-03 17:00:00+00:00,3.806,3.806,3.806,3.806,11
2021-12-03 18:00:00+00:00,3.8129999999999997,3.8129999999999997,3.8129999999999997,3.8129999999999997,1
2021-12-03 19:00:00+00:00,3.8040000000000003,3.8040000000000003,3.768,3.768,18
2021-12-06 07:00:00+00:00,3.6029999999999998,3.6029999999999998,3.6029999999999998,3.6029999999999998,1
2021-12-06 09:00:00+00:00,3.629,3.64,3.629,3.64,58
2021-12-06 11:00:00+00:00,3.5949999999999998,3.5949999999999998,3.5949999999999998,3.5949999999999998,50
2021-12-06 14:00:00+00:00,3.528,3.541,3.528,3.541,5
2021-12-06 15:00:00+00:00,3.4939999999999998,3.503,3.488,3.503,3
2021-12-06 16:00:00+00:00,3.4859999999999998,3.4859999999999998,3.4859999999999998,3.4859999999999998,1
2021-12-06 19:00:00+00:00,3.502,3.502,3.489,3.489,9
2021-12-07 12:00:00+00:00,3.513,3.513,3.513,3.513,5
2021-12-07 13:00:00+00:00,3.505,3.527,3.505,3.527,11
2021-12-07 14:00:00+00:00,3.543,3.543,3.543,3.543,2
2021-12-07 17:00:00+00:00,3.552,3.56,3.552,3.56,18
2021-12-07 19:00:00+00:00,3.52,3.52,3.519,3.519,14
2021-12-08 08:00:00+00:00,3.604,3.604,3.604,3.604,4
2021-12-09 09:00:00+00:00,3.604,3.604,3.585,3.585,3
2021-12-09 14:00:00+00:00,3.635,3.6390000000000002,3.635,3.6390000000000002,5
2021-12-09 16:00:00+00:00,3.659,3.7119999999999997,3.659,3.71,28
2021-12-09 17:00:00+00:00,3.7,3.7,3.7,3.7,4
2021-12-09 18:00:00+00:00,3.667,3.668,3.667,3.668,14
2021-12-09 19:00:00+00:00,3.67,3.6790000000000003,3.67,3.6790000000000003,6
2021-12-10 16:00:00+00:00,3.708,3.709,3.708,3.709,8
2021-12-10 18:00:00+00:00,3.758,3.758,3.758,3.758,1
2021-12-13 05:00:00+00:00,3.8,3.82,3.8,3.82,2
2021-12-13 06:00:00+00:00,3.814,3.814,3.814,3.814,2
2021-12-13 16:00:00+00:00,3.8,3.8,3.8,3.8,1
2021-12-13 18:00:00+00:00,3.75,3.75,3.75,3.75,1
2021-12-13 19:00:00+00:00,3.7,3.7,3.7,3.7,1
2021-12-14 06:00:00+00:00,3.685,3.685,3.685,3.685,1
2021-12-14 08:00:00+00:00,3.65,3.65,3.65,3.65,1
2021-12-14 11:00:00+00:00,3.601,3.601,3.6,3.6,2
2021-12-14 12:00:00+00:00,3.615,3.617,3.615,3.617,11
2021-12-14 13:00:00+00:00,3.612,3.612,3.612,3.612,4
2021-12-14 16:00:00+00:00,3.604,3.607,3.604,3.607,8
2021-12-14 19:00:00+00:00,3.618,3.618,3.616,3.616,11
2021-12-15 09:00:00+00:00,3.6550000000000002,3.6550000000000002,3.6550000000000002,3.6550000000000002,2
2021-12-15 14:00:00+00:00,3.702,3.702,3.702,3.702,1
2021-12-16 07:00:00+00:00,3.77,3.77,3.77,3.77,1
2021-12-16 09:00:00+00:00,3.749,3.757,3.749,3.757,15
2021-12-16 11:00:00+00:00,3.789,3.789,3.789,3.789,1
2021-12-16 12:00:00+00:00,3.783,3.783,3.783,3.783,5
2021-12-16 13:00:00+00:00,3.748,3.748,3.748,3.748,1
2021-12-16 15:00:00+00:00,3.718,3.718,3.715,3.715,5
2021-12-16 16:00:00+00:00,3.7,3.7,3.6879999999999997,3.6879999999999997,103
2021-12-16 18:00:00+00:00,3.662,3.665,3.662,3.665,18
2021-12-17 06:00:00+00:00,3.612,3.612,3.612,3.612,2
2021-12-17 09:00:00+00:00,3.531,3.533,3.528,3.528,8
2021-12-17 11:00:00+00:00,3.559,3.572,3.552,3.5709999999999997,22
2021-12-17 12:00:00+00:00,3.555,3.558,3.528,3.558,24
2021-12-17 13:00:00+00:00,3.56,3.6,3.56,3.6,10
2021-12-17 14:00:00+00:00,3.602,3.602,3.602,3.602,5
2021-12-17 15:00:00+00:00,3.5949999999999998,3.5949999999999998,3.5949999999999998,3.5949999999999998,4
2021-12-17 16:00:00+00:00,3.652,3.652,3.652,3.652,8
2021-12-17 18:00:00+00:00,3.5949999999999998,3.5949999999999998,3.5949999999999998,3.5949999999999998,5
2021-12-20 05:00:00+00:00,3.561,3.561,3.561,3.561,1
2021-12-20 07:00:00+00:00,3.551,3.551,3.551,3.551,6
2021-12-20 10:00:00+00:00,3.6029999999999998,3.6029999999999998,3.6029999999999998,3.6029999999999998,5
2021-12-20 11:00:00+00:00,3.606,3.608,3.596,3.596,6
2021-12-20 13:00:00+00:00,3.641,3.654,3.641,3.651,56
2021-12-20 14:00:00+00:00,3.6550000000000002,3.673,3.6550000000000002,3.673,6
2021-12-20 15:00:00+00:00,3.672,3.672,3.672,3.672,12
2021-12-20 16:00:00+00:00,3.697,3.697,3.6790000000000003,3.6790000000000003,6
2021-12-20 17:00:00+00:00,3.623,3.623,3.623,3.623,3
2021-12-21 06:00:00+00:00,3.65,3.65,3.65,3.65,20
2021-12-21 10:00:00+00:00,3.589,3.589,3.589,3.589,1
2021-12-21 11:00:00+00:00,3.6,3.6,3.6,3.6,1
2021-12-21 14:00:00+00:00,3.652,3.652,3.652,3.652,5
2021-12-21 17:00:00+00:00,3.69,3.69,3.6870000000000003,3.6870000000000003,6
2021-12-21 18:00:00+00:00,3.708,3.708,3.708,3.708,1
2021-12-21 19:00:00+00:00,3.697,3.707,3.697,3.707,8
2021-12-22 05:00:00+00:00,3.715,3.715,3.715,3.715,1
2021-12-22 08:00:00+00:00,3.716,3.716,3.716,3.716,6
2021-12-22 09:00:00+00:00,3.7199999999999998,3.7199999999999998,3.7199999999999998,3.7199999999999998,1
2021-12-22 11:00:00+00:00,3.743,3.743,3.743,3.743,1
2021-12-22 13:00:00+00:00,3.79,3.79,3.7880000000000003,3.7880000000000003,11
2021-12-22 18:00:00+00:00,3.719,3.7199999999999998,3.719,3.7199999999999998,5
2021-12-22 19:00:00+00:00,3.7199999999999998,3.723,3.7199999999999998,3.723,6
2021-12-23 09:00:00+00:00,3.6630000000000003,3.6630000000000003,3.6630000000000003,3.6630000000000003,7
2021-12-23 10:00:00+00:00,3.6630000000000003,3.6630000000000003,3.6630000000000003,3.6630000000000003,1
2021-12-23 11:00:00+00:00,3.6630000000000003,3.6630000000000003,3.658,3.658,6
2021-12-23 13:00:00+00:00,3.628,3.628,3.628,3.628,2
2021-12-23 14:00:00+00:00,3.589,3.589,3.5,3.5,32
2021-12-23 15:00:00+00:00,3.487,3.49,3.487,3.49,17
2021-12-23 16:00:00+00:00,3.572,3.581,3.572,3.581,9
2021-12-23 17:00:00+00:00,3.604,3.604,3.604,3.604,2
2021-12-24 05:00:00+00:00,3.3,3.3,3.3,3.3,1
2021-12-24 07:00:00+00:00,3.457,3.457,3.457,3.457,1
2021-12-27 07:00:00+00:00,3.545,3.545,3.545,3.545,6
2021-12-27 10:00:00+00:00,3.568,3.568,3.568,3.568,2
2021-12-27 13:00:00+00:00,3.606,3.606,3.606,3.606,1
2021-12-27 14:00:00+00:00,3.65,3.657,3.65,3.657,38
2021-12-27 15:00:00+00:00,3.657,3.691,3.657,3.691,21
2021-12-27 16:00:00+00:00,3.714,3.714,3.714,3.714,1
2021-12-27 17:00:00+00:00,3.719,3.719,3.719,3.719,1
2021-12-27 19:00:00+00:00,3.715,3.765,3.715,3.765,4
2021-12-27 20:00:00+00:00,3.77,3.77,3.769,3.77,3
2021-12-28 05:00:00+00:00,3.7800000000000002,3.805,3.7800000000000002,3.805,2
2021-12-28 08:00:00+00:00,3.743,3.743,3.743,3.743,1
2021-12-28 12:00:00+00:00,3.743,3.743,3.743,3.743,1
2021-12-28 13:00:00+00:00,3.742,3.749,3.742,3.746,3
2021-12-28 14:00:00+00:00,3.7359999999999998,3.7359999999999998,3.7359999999999998,3.7359999999999998,1
2021-12-28 19:00:00+00:00,3.719,3.74,3.719,3.74,5
2021-12-29 05:00:00+00:00,3.786,3.786,3.786,3.786,1
2021-12-29 07:00:00+00:00,3.778,3.791,3.778,3.791,2
2021-12-29 08:00:00+00:00,3.82,3.82,3.82,3.82,1
2021-12-29 09:00:00+00:00,3.82,3.82,3.816,3.816,9
2021-12-29 11:00:00+00:00,3.83,3.83,3.83,3.83,1
2021-12-29 13:00:00+00:00,3.879,3.879,3.879,3.879,1
2021-12-29 15:00:00+00:00,3.769,3.769,3.769,3.769,2
2021-12-29 16:00:00+00:00,3.801,3.801,3.801,3.801,5
2021-12-29 19:00:00+00:00,3.7720000000000002,3.7720000000000002,3.713,3.713,2
2021-12-29 20:00:00+00:00,3.705,3.705,3.705,3.705,4
2021-12-30 04:00:00+00:00,3.652,3.652,3.652,3.652,9
2021-12-30 09:00:00+00:00,3.775,3.775,3.775,3.775,4
2021-12-30 12:00:00+00:00,3.681,3.681,3.674,3.674,3
2021-12-30 13:00:00+00:00,3.67,3.694,3.66,3.674,8
2021-12-30 14:00:00+00:00,3.668,3.668,3.6550000000000002,3.6550000000000002,2
2021-12-30 15:00:00+00:00,3.66,3.66,3.637,3.637,6
2021-12-30 16:00:00+00:00,3.568,3.582,3.568,3.5709999999999997,8
2021-12-30 17:00:00+00:00,3.57,3.57,3.57,3.57,1
2021-12-30 18:00:00+00:00,3.56,3.56,3.548,3.548,3
2021-12-30 19:00:00+00:00,3.537,3.537,3.48,3.48,5
2021-12-30 20:00:00+00:00,3.481,3.481,3.481,3.481,2
2022-01-03 08:00:00+00:00,3.615,3.615,3.615,3.615,1
2022-01-03 10:00:00+00:00,3.65,3.652,3.6470000000000002,3.652,6
2022-01-03 12:00:00+00:00,3.6,3.6,3.6,3.6,4
2022-01-03 14:00:00+00:00,3.6,3.6,3.6,3.6,1
2022-01-03 16:00:00+00:00,3.6109999999999998,3.6109999999999998,3.6109999999999998,3.6109999999999998,1
2022-01-03 17:00:00+00:00,3.64,3.64,3.64,3.64,1
2022-01-03 18:00:00+00:00,3.65,3.7,3.65,3.7,4
2022-01-03 20:00:00+00:00,3.724,3.727,3.724,3.727,2
2022-01-04 08:00:00+00:00,3.689,3.689,3.689,3.689,1
2022-01-04 11:00:00+00:00,3.73,3.75,3.73,3.75,2
2022-01-04 12:00:00+00:00,3.785,3.785,3.7800000000000002,3.7800000000000002,5
2022-01-04 13:00:00+00:00,3.754,3.757,3.754,3.757,3
2022-01-04 14:00:00+00:00,3.771,3.771,3.71,3.71,2
2022-01-04 15:00:00+00:00,3.665,3.678,3.665,3.678,13
2022-01-04 18:00:00+00:00,3.6710000000000003,3.6710000000000003,3.6710000000000003,3.6710000000000003,1
2022-01-04 19:00:00+00:00,3.64,3.64,3.64,3.64,4
2022-01-05 06:00:00+00:00,3.6470000000000002,3.6470000000000002,3.6470000000000002,3.6470000000000002,2
2022-01-05 17:00:00+00:00,3.73,3.73,3.727,3.727,6
2022-01-05 19:00:00+00:00,3.739,3.74,3.739,3.74,6
2022-01-06 05:00:00+00:00,3.707,3.707,3.707,3.707,5
2022-01-06 10:00:00+00:00,3.731,3.731,3.731,3.731,5
2022-01-06 11:00:00+00:00,3.738,3.738,3.738,3.738,8
2022-01-07 14:00:00+00:00,3.797,3.797,3.795,3.795,6
2022-01-07 17:00:00+00:00,3.795,3.795,3.795,3.795,1
2022-01-07 18:00:00+00:00,3.7560000000000002,3.7560000000000002,3.7560000000000002,3.7560000000000002,10
2022-01-10 04:00:00+00:00,3.88,3.88,3.88,3.88,1
2022-01-10 06:00:00+00:00,3.879,3.879,3.879,3.879,10
2022-01-10 07:00:00+00:00,3.883,3.883,3.883,3.883,1
2022-01-10 10:00:00+00:00,3.878,3.878,3.878,3.878,3
2022-01-10 11:00:00+00:00,3.888,3.888,3.888,3.888,1
2022-01-10 12:00:00+00:00,3.88,3.8970000000000002,3.88,3.8970000000000002,101
2022-01-10 13:00:00+00:00,3.903,3.909,3.903,3.909,23
2022-01-10 14:00:00+00:00,3.888,3.888,3.857,3.857,5
2022-01-10 16:00:00+00:00,3.79,3.792,3.79,3.792,11
2022-01-11 04:00:00+00:00,3.94,3.952,3.865,3.865,3
2022-01-11 11:00:00+00:00,3.808,3.808,3.808,3.808,2
2022-01-11 12:00:00+00:00,3.8289999999999997,3.834,3.8289999999999997,3.834,5
2022-01-11 13:00:00+00:00,3.849,3.865,3.849,3.865,3
2022-01-11 15:00:00+00:00,3.857,3.857,3.857,3.857,21
2022-01-11 16:00:00+00:00,3.88,3.88,3.88,3.88,2
2022-01-11 17:00:00+00:00,3.892,3.892,3.892,3.892,3
2022-01-11 18:00:00+00:00,3.874,3.874,3.874,3.874,1
2022-01-11 19:00:00+00:00,3.9290000000000003,3.9290000000000003,3.9290000000000003,3.9290000000000003,6
2022-01-12 04:00:00+00:00,3.935,3.935,3.935,3.935,2
2022-01-12 05:00:00+00:00,3.928,3.928,3.928,3.928,1
2022-01-12 07:00:00+00:00,3.95,3.998,3.95,3.98,12
2022-01-12 08:00:00+00:00,4.0,4.0,3.999,3.999,110
2022-01-12 09:00:00+00:00,4.01,4.037,4.01,4.037,8
2022-01-12 10:00:00+00:00,4.041,4.041,4.018,4.018,204
2022-01-12 13:00:00+00:00,4.003,4.03,4.003,4.03,11
2022-01-12 14:00:00+00:00,4.05,4.091,4.05,4.091,13
2022-01-12 15:00:00+00:00,4.09,4.091,4.09,4.091,5
2022-01-12 17:00:00+00:00,4.14,4.14,4.1370000000000005,4.1370000000000005,51
2022-01-12 18:00:00+00:00,4.142,4.142,4.142,4.142,6
2022-01-12 19:00:00+00:00,4.15,4.185,4.15,4.174,59
2022-01-12 20:00:00+00:00,4.171,4.171,4.171,4.171,1
2022-01-13 04:00:00+00:00,4.161,4.161,4.161,4.161,1
2022-01-13 06:00:00+00:00,4.163,4.163,4.163,4.163,1
2022-01-13 07:00:00+00:00,4.155,4.155,4.155,4.155,1
2022-01-13 08:00:00+00:00,4.151,4.151,4.151,4.151,35
2022-01-13 09:00:00+00:00,4.16,4.16,4.16,4.16,2
2022-01-13 10:00:00+00:00,4.163,4.163,4.163,4.163,1
2022-01-13 11:00:00+00:00,4.169,4.169,4.169,4.169,1
2022-01-13 12:00:00+00:00,4.15,4.15,4.122,4.122,38
2022-01-13 14:00:00+00:00,4.118,4.118,4.074,4.095,57
2022-01-13 15:00:00+00:00,4.06,4.06,4.06,4.06,1
2022-01-13 18:00:00+00:00,4.029,4.029,4.029,4.029,1
2022-01-13 19:00:00+00:00,4.035,4.035,4.012,4.012,4
2022-01-13 20:00:00+00:00,4.035,4.035,4.035,4.035,1
2022-01-14 05:00:00+00:00,4.031,4.031,3.993,3.993,5
2022-01-14 06:00:00+00:00,3.993,3.993,3.993,3.993,4
2022-01-14 07:00:00+00:00,3.995,3.995,3.995,3.995,1
2022-01-14 09:00:00+00:00,4.018,4.018,4.018,4.018,1
2022-01-14 10:00:00+00:00,3.999,3.999,3.995,3.995,2
2022-01-14 11:00:00+00:00,3.985,3.988,3.981,3.981,17
2022-01-14 12:00:00+00:00,3.98,3.98,3.9699999999999998,3.9699999999999998,3
2022-01-14 13:00:00+00:00,3.996,3.996,3.972,3.98,11
2022-01-14 14:00:00+00:00,4.0,4.012,4.0,4.012,2
2022-01-14 15:00:00+00:00,3.992,4.0,3.992,4.0,2
2022-01-14 16:00:00+00:00,4.006,4.022,4.006,4.022,21
2022-01-14 18:00:00+00:00,4.066,4.066,4.066,4.066,1
2022-01-14 19:00:00+00:00,4.078,4.078,4.078,4.078,2
2022-01-17 04:00:00+00:00,4.1,4.1,4.1,4.1,4
2022-01-17 08:00:00+00:00,4.1,4.1,4.1,4.1,2
2022-01-17 09:00:00+00:00,4.095,4.095,4.095,4.095,30
2022-01-17 11:00:00+00:00,4.117,4.117,4.117,4.117,1
2022-01-18 10:00:00+00:00,4.15,4.15,4.15,4.15,10
2022-01-18 11:00:00+00:00,4.164,4.164,4.112,4.112,4
2022-01-18 12:00:00+00:00,4.156,4.156,4.156,4.156,1
2022-01-18 14:00:00+00:00,4.125,4.125,4.098,4.098,7
2022-01-18 15:00:00+00:00,4.092,4.092,4.092,4.092,1
2022-01-18 18:00:00+00:00,4.039,4.039,4.031,4.031,3
2022-01-19 06:00:00+00:00,4.054,4.054,4.021,4.021,5
2022-01-19 15:00:00+00:00,4.015,4.015,4.005,4.005,5
2022-01-19 17:00:00+00:00,3.918,3.9379999999999997,3.918,3.9379999999999997,6
2022-01-20 04:00:00+00:00,3.914,3.925,3.914,3.925,3
2022-01-20 05:00:00+00:00,3.923,3.923,3.915,3.915,2
2022-01-20 07:00:00+00:00,3.915,3.915,3.901,3.901,119
2022-01-20 11:00:00+00:00,3.9,3.9,3.9,3.9,2
2022-01-20 12:00:00+00:00,3.875,3.875,3.85,3.85,31
2022-01-20 14:00:00+00:00,3.81,3.81,3.795,3.795,121
2022-01-20 15:00:00+00:00,3.782,3.803,3.775,3.782,207
2022-01-20 16:00:00+00:00,3.75,3.75,3.74,3.74,21
2022-01-20 19:00:00+00:00,3.76,3.76,3.75,3.75,2
2022-01-20 20:00:00+00:00,3.751,3.751,3.751,3.751,4
2022-01-21 04:00:00+00:00,3.801,3.801,3.801,3.801,1
2022-01-21 05:00:00+00:00,3.81,3.81,3.81,3.81,1
2022-01-21 06:00:00+00:00,3.839,3.839,3.839,3.839,21
2022-01-21 07:00:00+00:00,3.864,3.864,3.864,3.864,20
2022-01-21 08:00:00+00:00,3.846,3.846,3.846,3.846,10
2022-01-21 10:00:00+00:00,3.826,3.8289999999999997,3.826,3.828,8
2022-01-21 11:00:00+00:00,3.826,3.826,3.826,3.826,1
2022-01-21 14:00:00+00:00,3.79,3.79,3.79,3.79,20
2022-01-21 17:00:00+00:00,3.855,3.855,3.855,3.855,10
2022-01-21 18:00:00+00:00,3.826,3.826,3.826,3.826,5
2022-01-21 20:00:00+00:00,3.8129999999999997,3.818,3.8129999999999997,3.818,6
2022-01-24 09:00:00+00:00,3.814,3.814,3.814,3.814,3
2022-01-24 10:00:00+00:00,3.82,3.82,3.82,3.82,1
2022-01-24 11:00:00+00:00,3.836,3.836,3.836,3.836,3
2022-01-24 12:00:00+00:00,3.857,3.857,3.857,3.857,1
2022-01-24 15:00:00+00:00,3.855,3.89,3.855,3.89,8
2022-01-24 17:00:00+00:00,3.896,3.896,3.896,3.896,1
2022-01-24 19:00:00+00:00,3.928,3.928,3.911,3.911,7
2022-01-25 10:00:00+00:00,3.89,3.89,3.879,3.879,3
2022-01-25 12:00:00+00:00,3.923,3.923,3.923,3.923,1
2022-01-25 13:00:00+00:00,3.892,3.892,3.892,3.892,1
2022-01-25 14:00:00+00:00,3.925,3.925,3.925,3.925,1
2022-01-25 17:00:00+00:00,3.956,3.956,3.956,3.956,2
2022-01-25 19:00:00+00:00,3.95,3.95,3.95,3.95,1
2022-01-26 06:00:00+00:00,4.002,4.002,4.002,4.002,1
2022-01-26 08:00:00+00:00,4.109,4.109,4.099,4.099,16
2022-01-26 09:00:00+00:00,4.11,4.125,4.11,4.121,3
2022-01-26 10:00:00+00:00,4.121,4.121,4.121,4.121,2
2022-01-26 11:00:00+00:00,4.145,4.155,4.145,4.155,12
2022-01-26 13:00:00+00:00,4.163,4.216,4.163,4.216,4
2022-01-26 14:00:00+00:00,4.205,4.205,4.14,4.14,6
2022-01-26 15:00:00+00:00,4.136,4.152,4.136,4.152,8
2022-01-26 16:00:00+00:00,4.092,4.098,4.068,4.068,26
2022-01-26 17:00:00+00:00,4.058,4.084,4.058,4.084,4
2022-01-26 18:00:00+00:00,4.103,4.103,4.096,4.096,3
2022-01-26 19:00:00+00:00,4.096,4.096,4.076,4.076,4
2022-01-26 20:00:00+00:00,4.074,4.074,4.054,4.054,10
2022-01-27 06:00:00+00:00,4.157,4.157,4.157,4.157,1
2022-01-27 07:00:00+00:00,4.1370000000000005,4.1370000000000005,4.1370000000000005,4.1370000000000005,5
2022-01-27 08:00:00+00:00,4.14,4.14,4.14,4.14,4
2022-01-27 09:00:00+00:00,4.133,4.133,4.133,4.133,4
2022-01-27 10:00:00+00:00,4.148,4.148,4.139,4.139,4
2022-01-27 12:00:00+00:00,4.116,4.116,4.116,4.116,4
2022-01-27 16:00:00+00:00,4.195,4.22,4.195,4.22,36
2022-01-27 17:00:00+00:00,4.23,4.24,4.23,4.24,10
2022-01-27 18:00:00+00:00,4.25,4.28,4.25,4.27,119
2022-01-27 19:00:00+00:00,4.18,4.339,4.18,4.287,312
2022-01-27 20:00:00+00:00,4.336,4.336,4.336,4.336,1
2022-01-28 04:00:00+00:00,4.29,4.29,4.286,4.286,2
2022-01-28 06:00:00+00:00,4.268,4.268,4.26,4.26,2
2022-01-28 07:00:00+00:00,4.29,4.338,4.29,4.338,2
2022-01-28 08:00:00+00:00,4.3,4.3,4.296,4.296,12
2022-01-28 09:00:00+00:00,4.342,4.38,4.342,4.38,17
2022-01-28 11:00:00+00:00,4.354,4.354,4.352,4.352,2
2022-01-28 12:00:00+00:00,4.365,4.494,4.365,4.494,12
2022-01-28 13:00:00+00:00,4.448,4.55,4.448,4.55,19
2022-01-28 14:00:00+00:00,4.6,4.658,4.541,4.549,55
2022-01-28 15:00:00+00:00,4.524,4.526,4.496,4.511,21
2022-01-28 16:00:00+00:00,4.509,4.583,4.509,4.583,18
2022-01-28 17:00:00+00:00,4.58,4.61,4.5649999999999995,4.6,36
2022-01-28 18:00:00+00:00,4.643,4.643,4.561,4.573,15
2022-01-28 19:00:00+00:00,4.523,4.53,4.498,4.53,18
2022-01-28 20:00:00+00:00,4.489,4.494,4.486,4.494,9
2022-01-31 04:00:00+00:00,4.699,4.755,4.699,4.755,27
2022-01-31 05:00:00+00:00,4.744,4.744,4.725,4.725,3
2022-01-31 06:00:00+00:00,4.687,4.7,4.687,4.699,5
2022-01-31 07:00:00+00:00,4.717,4.717,4.708,4.708,3
2022-01-31 08:00:00+00:00,4.7,4.7,4.7,4.7,1
2022-01-31 09:00:00+00:00,4.671,4.678,4.67,4.678,21
2022-01-31 10:00:00+00:00,4.687,4.687,4.687,4.687,1
2022-01-31 11:00:00+00:00,4.713,4.713,4.713,4.713,1
2022-01-31 13:00:00+00:00,4.6850000000000005,4.6850000000000005,4.658,4.676,18
2022-01-31 14:00:00+00:00,4.648,4.648,4.638,4.645,8
2022-01-31 15:00:00+00:00,4.594,4.599,4.585,4.599,20
2022-01-31 17:00:00+00:00,4.646,4.674,4.646,4.674,2
2022-01-31 18:00:00+00:00,4.699,4.8,4.694,4.76,60
2022-01-31 19:00:00+00:00,4.73,4.73,4.697,4.697,16
2022-02-01 04:00:00+00:00,4.717,4.717,4.717,4.717,42
2022-02-01 06:00:00+00:00,4.705,4.705,4.67,4.67,3
2022-02-01 07:00:00+00:00,4.66,4.6850000000000005,4.65,4.6850000000000005,5
2022-02-01 08:00:00+00:00,4.605,4.605,4.583,4.583,16
2022-02-01 11:00:00+00:00,4.629,4.639,4.629,4.63,16
2022-02-01 12:00:00+00:00,4.6,4.62,4.593,4.62,5
2022-02-01 13:00:00+00:00,4.61,4.61,4.522,4.55,39
2022-02-01 14:00:00+00:00,4.549,4.652,4.549,4.599,46
2022-02-01 15:00:00+00:00,4.632,4.727,4.632,4.727,12
2022-02-01 16:00:00+00:00,4.615,4.615,4.588,4.588,4
2022-02-01 17:00:00+00:00,4.625,4.652,4.625,4.652,2
2022-02-01 18:00:00+00:00,4.598,4.598,4.598,4.598,1
2022-02-01 19:00:00+00:00,4.555,4.642,4.555,4.642,3
2022-02-01 20:00:00+00:00,4.67,4.68,4.638,4.68,16
2022-02-02 04:00:00+00:00,4.727,4.744,4.727,4.735,4
2022-02-02 05:00:00+00:00,4.739,4.739,4.7379999999999995,4.7379999999999995,2
2022-02-02 06:00:00+00:00,4.75,4.765,4.743,4.753,5
2022-02-02 07:00:00+00:00,4.75,4.76,4.735,4.76,6
2022-02-02 08:00:00+00:00,4.712,4.72,4.712,4.72,4
2022-02-02 10:00:00+00:00,4.758,4.758,4.757,4.757,3
2022-02-02 11:00:00+00:00,4.766,4.808,4.764,4.808,31
2022-02-02 12:00:00+00:00,4.818,4.96,4.803,4.9399999999999995,71
2022-02-02 13:00:00+00:00,4.951,4.989,4.926,4.934,27
2022-02-02 14:00:00+00:00,4.91,4.91,4.854,4.9,9
2022-02-02 15:00:00+00:00,4.894,4.902,4.883,4.897,26
2022-02-02 16:00:00+00:00,4.879,4.955,4.879,4.945,17
2022-02-02 17:00:00+00:00,4.906,4.967,4.906,4.967,17
2022-02-02 18:00:00+00:00,4.985,5.023,4.985,5.012,62
2022-02-02 19:00:00+00:00,5.019,5.063,4.9879999999999995,4.9879999999999995,46
2022-02-02 20:00:00+00:00,5.004,5.008,4.982,4.997,15
2022-02-03 04:00:00+00:00,5.025,5.025,4.983,4.986,10
2022-02-03 05:00:00+00:00,4.976,4.976,4.961,4.97,22
2022-02-03 06:00:00+00:00,4.944,4.97,4.944,4.97,20
2022-02-03 07:00:00+00:00,4.97,4.97,4.97,4.97,3
2022-02-03 08:00:00+00:00,4.986,4.986,4.977,4.977,13
2022-02-03 09:00:00+00:00,4.968,4.99,4.968,4.968,18
2022-02-03 10:00:00+00:00,4.928,4.93,4.928,4.93,2
2022-02-03 11:00:00+00:00,4.9399999999999995,4.9399999999999995,4.915,4.918,14
2022-02-03 12:00:00+00:00,4.909,4.909,4.865,4.865,12
2022-02-03 13:00:00+00:00,4.86,4.86,4.755,4.776,40
2022-02-03 14:00:00+00:00,4.758,4.773,4.6690000000000005,4.77,46
2022-02-03 15:00:00+00:00,4.8309999999999995,4.8309999999999995,4.772,4.796,18
2022-02-03 16:00:00+00:00,4.733,4.746,4.716,4.746,26
2022-02-03 17:00:00+00:00,4.734,4.734,4.734,4.734,1
2022-02-03 18:00:00+00:00,4.804,4.804,4.776,4.776,5
2022-02-03 19:00:00+00:00,4.825,4.825,4.72,4.79,11
2022-02-03 20:00:00+00:00,4.807,4.807,4.807,4.807,50
2022-02-04 04:00:00+00:00,4.84,4.897,4.84,4.897,30
2022-02-04 05:00:00+00:00,4.87,4.87,4.8100000000000005,4.8100000000000005,6
2022-02-04 06:00:00+00:00,4.821,4.821,4.76,4.76,28
2022-02-04 07:00:00+00:00,4.742,4.742,4.742,4.742,1
2022-02-04 08:00:00+00:00,4.809,4.809,4.809,4.809,1
2022-02-04 09:00:00+00:00,4.8309999999999995,4.837,4.8309999999999995,4.837,5
2022-02-04 11:00:00+00:00,4.812,4.812,4.7,4.7,4
2022-02-04 12:00:00+00:00,4.67,4.688,4.644,4.6690000000000005,34
2022-02-04 13:00:00+00:00,4.715,4.802,4.67,4.67,21
2022-02-04 14:00:00+00:00,4.666,4.71,4.658,4.7,4
2022-02-04 15:00:00+00:00,4.7620000000000005,4.777,4.7620000000000005,4.777,6
2022-02-04 16:00:00+00:00,4.737,4.737,4.6899999999999995,4.6899999999999995,7
2022-02-04 17:00:00+00:00,4.68,4.68,4.593,4.6,53
2022-02-04 18:00:00+00:00,4.609,4.609,4.5440000000000005,4.57,23
2022-02-04 19:00:00+00:00,4.575,4.575,4.49,4.493,14
2022-02-04 20:00:00+00:00,4.484,4.484,4.484,4.484,2
2022-02-07 04:00:00+00:00,4.492,4.492,4.3870000000000005,4.423,38
2022-02-07 05:00:00+00:00,4.41,4.41,4.408,4.409,7
2022-02-07 06:00:00+00:00,4.423,4.454,4.423,4.454,5
2022-02-07 07:00:00+00:00,4.454,4.455,4.414,4.414,17
2022-02-07 08:00:00+00:00,4.444,4.453,4.444,4.447,12
2022-02-07 09:00:00+00:00,4.435,4.436,4.435,4.436,2
2022-02-07 11:00:00+00:00,4.434,4.434,4.398,4.398,10
2022-02-07 12:00:00+00:00,4.435,4.463,4.435,4.463,7
2022-02-07 13:00:00+00:00,4.4,4.4,4.353,4.353,15
2022-02-07 14:00:00+00:00,4.359,4.373,4.313,4.329,14
2022-02-07 15:00:00+00:00,4.319,4.319,4.276,4.276,31
2022-02-07 16:00:00+00:00,4.243,4.243,4.21,4.22,8
2022-02-07 17:00:00+00:00,4.21,4.21,4.172,4.193,25
2022-02-07 18:00:00+00:00,4.193,4.23,4.193,4.216,14
2022-02-07 19:00:00+00:00,4.228,4.269,4.228,4.265,9
2022-02-07 20:00:00+00:00,4.274,4.274,4.274,4.274,1
2022-02-08 04:00:00+00:00,4.303,4.303,4.29,4.293,20
2022-02-08 05:00:00+00:00,4.323,4.323,4.323,4.323,15
2022-02-08 06:00:00+00:00,4.328,4.328,4.317,4.324,3
2022-02-08 07:00:00+00:00,4.33,4.33,4.33,4.33,1
2022-02-08 09:00:00+00:00,4.306,4.306,4.279,4.292,16
2022-02-08 10:00:00+00:00,4.284,4.308,4.259,4.259,21
2022-02-08 11:00:00+00:00,4.266,4.266,4.226,4.226,8
2022-02-08 12:00:00+00:00,4.28,4.357,4.28,4.335,19
2022-02-08 13:00:00+00:00,4.311,4.386,4.31,4.373,35
2022-02-08 14:00:00+00:00,4.335,4.365,4.295,4.295,9
2022-02-08 15:00:00+00:00,4.335,4.355,4.335,4.355,3
2022-02-08 16:00:00+00:00,4.335,4.38,4.335,4.379,5
2022-02-08 17:00:00+00:00,4.346,4.346,4.34,4.34,3
2022-02-08 18:00:00+00:00,4.31,4.32,4.309,4.32,4
2022-02-08 19:00:00+00:00,4.325,4.325,4.241,4.241,11
2022-02-09 04:00:00+00:00,4.279,4.282,4.279,4.282,13
2022-02-09 05:00:00+00:00,4.275,4.275,4.261,4.261,5
2022-02-09 06:00:00+00:00,4.281,4.281,4.249,4.252,20
2022-02-09 07:00:00+00:00,4.257,4.257,4.185,4.217,21
2022-02-09 08:00:00+00:00,4.198,4.242,4.198,4.242,8
2022-02-09 09:00:00+00:00,4.231,4.231,4.219,4.221,4
2022-02-09 10:00:00+00:00,4.221,4.221,4.221,4.221,1
2022-02-09 11:00:00+00:00,4.223,4.223,4.223,4.223,1
2022-02-09 12:00:00+00:00,4.199,4.199,4.123,4.14,15
2022-02-09 13:00:00+00:00,4.138,4.138,4.12,4.12,4
2022-02-09 14:00:00+00:00,4.105,4.108,4.095,4.1,11
2022-02-09 15:00:00+00:00,4.07,4.075,4.07,4.075,3
2022-02-09 16:00:00+00:00,4.09,4.09,4.07,4.072,6
2022-02-09 17:00:00+00:00,4.05,4.071,4.05,4.071,8
2022-02-09 18:00:00+00:00,4.072,4.077,4.042,4.042,9
2022-02-09 19:00:00+00:00,4.044,4.044,4.041,4.041,3
2022-02-09 20:00:00+00:00,4.053,4.053,4.041,4.043,32
2022-02-10 04:00:00+00:00,4.083,4.094,4.08,4.08,13
2022-02-10 05:00:00+00:00,4.085,4.085,4.085,4.085,1
2022-02-10 07:00:00+00:00,4.072,4.072,4.044,4.044,2
2022-02-10 08:00:00+00:00,4.048,4.052,4.019,4.019,9
2022-02-10 09:00:00+00:00,4.039,4.063,4.039,4.063,6
2022-02-10 10:00:00+00:00,4.06,4.071,4.06,4.071,2
2022-02-10 11:00:00+00:00,4.056,4.057,4.056,4.057,5
2022-02-10 12:00:00+00:00,4.079,4.079,4.0,4.0,25
2022-02-10 13:00:00+00:00,4.0,4.0,3.99,3.995,38
2022-02-10 14:00:00+00:00,3.989,3.989,3.988,3.988,4
2022-02-10 15:00:00+00:00,3.9859999999999998,3.988,3.95,3.9699999999999998,18
2022-02-10 16:00:00+00:00,3.981,4.012,3.981,4.009,28
2022-02-10 17:00:00+00:00,3.981,4.037,3.981,4.037,16
2022-02-10 18:00:00+00:00,4.035,4.035,4.016,4.016,7
2022-02-10 19:00:00+00:00,4.045,4.045,4.027,4.032,12
2022-02-10 20:00:00+00:00,4.034,4.037,4.034,4.037,7
2022-02-11 04:00:00+00:00,4.038,4.064,4.038,4.064,15
2022-02-11 05:00:00+00:00,4.071,4.096,4.069,4.096,11
2022-02-11 06:00:00+00:00,4.078,4.078,4.078,4.078,1
2022-02-11 07:00:00+00:00,4.078,4.079,4.033,4.033,17
2022-02-11 08:00:00+00:00,4.045,4.077,4.045,4.063,16
2022-02-11 09:00:00+00:00,4.049,4.058,4.049,4.058,2
2022-02-11 11:00:00+00:00,4.048,4.049,4.048,4.049,3
2022-02-11 12:00:00+00:00,4.046,4.046,4.01,4.01,22
2022-02-11 13:00:00+00:00,4.01,4.01,3.98,3.996,3
2022-02-11 14:00:00+00:00,3.995,3.995,3.98,3.982,50
2022-02-11 15:00:00+00:00,3.976,3.976,3.976,3.976,1
2022-02-11 16:00:00+00:00,3.976,3.984,3.972,3.984,26
2022-02-11 17:00:00+00:00,3.9939999999999998,4.01,3.9939999999999998,4.01,5
2022-02-11 18:00:00+00:00,3.979,4.074,3.976,3.992,65
2022-02-11 19:00:00+00:00,4.052,4.107,4.027,4.058,31
2022-02-11 20:00:00+00:00,4.056,4.056,4.044,4.044,11
2022-02-14 04:00:00+00:00,4.076,4.252,4.076,4.252,20
2022-02-14 05:00:00+00:00,4.172,4.172,4.147,4.147,6
2022-02-14 06:00:00+00:00,4.142,4.157,4.13,4.13,8
2022-02-14 07:00:00+00:00,4.127,4.176,4.127,4.16,12
2022-02-14 08:00:00+00:00,4.164,4.181,4.164,4.166,4
2022-02-14 09:00:00+00:00,4.163,4.2,4.163,4.2,4
2022-02-14 11:00:00+00:00,4.211,4.211,4.211,4.211,50
2022-02-14 12:00:00+00:00,4.192,4.192,4.1370000000000005,4.149,44
2022-02-14 13:00:00+00:00,4.132,4.132,4.105,4.125,38
2022-02-14 14:00:00+00:00,4.14,4.14,4.131,4.131,8
2022-02-14 15:00:00+00:00,4.17,4.17,4.15,4.15,3
2022-02-14 16:00:00+00:00,4.18,4.185,4.178,4.178,6
2022-02-14 17:00:00+00:00,4.191,4.199,4.183,4.199,29
2022-02-14 18:00:00+00:00,4.18,4.225,4.178,4.225,14
2022-02-14 19:00:00+00:00,4.226,4.226,4.208,4.214,15
2022-02-14 20:00:00+00:00,4.214,4.219,4.214,4.219,4
2022-02-15 04:00:00+00:00,4.249,4.249,4.247,4.249,17
2022-02-15 05:00:00+00:00,4.249,4.266,4.249,4.266,2
2022-02-15 06:00:00+00:00,4.28,4.305,4.28,4.305,18
2022-02-15 07:00:00+00:00,4.351,4.365,4.339,4.364,29
2022-02-15 08:00:00+00:00,4.384,4.396,4.37,4.37,31
2022-02-15 09:00:00+00:00,4.38,4.392,4.35,4.39,31
2022-02-15 10:00:00+00:00,4.3870000000000005,4.388,4.329,4.329,99
2022-02-15 11:00:00+00:00,4.341,4.344,4.298,4.344,6
2022-02-15 12:00:00+00:00,4.344,4.345,4.328,4.335,7
2022-02-15 13:00:00+00:00,4.32,4.35,4.31,4.35,12
2022-02-15 14:00:00+00:00,4.337,4.351,4.26,4.26,41
2022-02-15 15:00:00+00:00,4.275,4.275,4.24,4.24,9
2022-02-15 16:00:00+00:00,4.296,4.319,4.277,4.319,41
2022-02-15 18:00:00+00:00,4.265,4.274,4.245,4.249,23
2022-02-15 19:00:00+00:00,4.242,4.36,4.236,4.36,39
2022-02-15 20:00:00+00:00,4.37,4.376,4.353,4.367,17
2022-02-16 04:00:00+00:00,4.372,4.376,4.356,4.356,5
2022-02-16 05:00:00+00:00,4.374,4.385,4.374,4.385,13
2022-02-16 06:00:00+00:00,4.3870000000000005,4.429,4.365,4.429,31
2022-02-16 07:00:00+00:00,4.453,4.469,4.398,4.434,66
2022-02-16 08:00:00+00:00,4.444,4.444,4.421,4.421,7
2022-02-16 09:00:00+00:00,4.412,4.432,4.405,4.431,9
2022-02-16 10:00:00+00:00,4.442,4.458,4.442,4.458,11
2022-02-16 11:00:00+00:00,4.438,4.456,4.373,4.456,82
2022-02-16 12:00:00+00:00,4.458,4.541,4.458,4.521,73
2022-02-16 13:00:00+00:00,4.526,4.526,4.473,4.476,22
2022-02-16 14:00:00+00:00,4.463,4.483,4.451,4.451,3
2022-02-16 15:00:00+00:00,4.454,4.515,4.454,4.506,5
2022-02-16 16:00:00+00:00,4.4719999999999995,4.545,4.4719999999999995,4.545,12
2022-02-16 17:00:00+00:00,4.545,4.566,4.525,4.525,19
2022-02-16 18:00:00+00:00,4.527,4.591,4.523,4.572,27
2022-02-16 19:00:00+00:00,4.58,4.608,4.58,4.595,40
2022-02-16 20:00:00+00:00,4.601,4.601,4.5649999999999995,4.5649999999999995,5
2022-02-17 04:00:00+00:00,4.643,4.651,4.619,4.63,181
2022-02-17 05:00:00+00:00,4.619,4.664,4.619,4.66,58
2022-02-17 06:00:00+00:00,4.66,4.682,4.654,4.654,9
2022-02-17 07:00:00+00:00,4.661,4.661,4.583,4.602,41
2022-02-17 08:00:00+00:00,4.604,4.604,4.583,4.585,168
2022-02-17 09:00:00+00:00,4.575,4.575,4.575,4.575,1
2022-02-17 10:00:00+00:00,4.554,4.554,4.53,4.53,9
2022-02-17 11:00:00+00:00,4.516,4.541,4.5,4.5,97
2022-02-17 12:00:00+00:00,4.537,4.611,4.537,4.611,72
2022-02-17 13:00:00+00:00,4.643,4.643,4.5809999999999995,4.602,27
2022-02-17 14:00:00+00:00,4.564,4.615,4.55,4.59,17
2022-02-17 15:00:00+00:00,4.59,4.59,4.554,4.566,62
2022-02-17 16:00:00+00:00,4.566,4.566,4.487,4.49,5
2022-02-17 17:00:00+00:00,4.499,4.507,4.445,4.445,5
2022-02-17 18:00:00+00:00,4.459,4.489,4.41,4.489,36
2022-02-17 19:00:00+00:00,4.475,4.532,4.475,4.503,8
2022-02-17 20:00:00+00:00,4.516,4.516,4.507,4.507,2
2022-02-18 04:00:00+00:00,4.45,4.45,4.447,4.447,11
2022-02-18 05:00:00+00:00,4.422,4.422,4.392,4.392,32
2022-02-18 06:00:00+00:00,4.415,4.45,4.412,4.418,19
2022-02-18 07:00:00+00:00,4.437,4.437,4.437,4.437,1
2022-02-18 08:00:00+00:00,4.443,4.443,4.434,4.434,2
2022-02-18 09:00:00+00:00,4.435,4.435,4.416,4.433,17
2022-02-18 10:00:00+00:00,4.462,4.462,4.462,4.462,1
2022-02-18 11:00:00+00:00,4.455,4.458,4.446,4.458,7
2022-02-18 12:00:00+00:00,4.5,4.53,4.5,4.509,13
2022-02-18 13:00:00+00:00,4.52,4.619,4.502,4.619,21
2022-02-18 14:00:00+00:00,4.605,4.63,4.5649999999999995,4.5649999999999995,11
2022-02-18 15:00:00+00:00,4.579,4.585,4.535,4.535,3
2022-02-18 16:00:00+00:00,4.596,4.615,4.533,4.542,7
2022-02-18 17:00:00+00:00,4.529,4.535,4.508,4.508,3
2022-02-18 18:00:00+00:00,4.475,4.508,4.454,4.454,22
2022-02-18 19:00:00+00:00,4.436,4.436,4.428,4.428,10
2022-02-18 20:00:00+00:00,4.435,4.435,4.435,4.435,2
2022-02-21 04:00:00+00:00,4.5120000000000005,4.636,4.5120000000000005,4.623,21
2022-02-21 05:00:00+00:00,4.624,4.624,4.614,4.614,7
2022-02-21 06:00:00+00:00,4.612,4.6129999999999995,4.612,4.6129999999999995,8
2022-02-21 07:00:00+00:00,4.573,4.573,4.573,4.573,1
2022-02-21 08:00:00+00:00,4.62,4.627,4.62,4.624,26
2022-02-21 09:00:00+00:00,4.64,4.64,4.632,4.632,5
2022-02-21 11:00:00+00:00,4.6370000000000005,4.6370000000000005,4.603,4.626,16
2022-02-21 12:00:00+00:00,4.635,4.687,4.635,4.681,22
2022-02-21 13:00:00+00:00,4.7,4.768,4.7,4.768,54
2022-02-21 14:00:00+00:00,4.769,4.769,4.698,4.7,24
2022-02-21 15:00:00+00:00,4.68,4.716,4.623,4.716,27
2022-02-21 16:00:00+00:00,4.694,4.802,4.688,4.701,169
2022-02-21 17:00:00+00:00,4.714,4.716,4.661,4.716,29
2022-02-21 18:00:00+00:00,4.709,4.782,4.709,4.782,5
2022-02-21 19:00:00+00:00,4.777,4.8469999999999995,4.67,4.67,64
2022-02-21 20:00:00+00:00,4.71,4.71,4.67,4.71,8
2022-02-22 04:00:00+00:00,4.745,4.791,4.7,4.71,19
2022-02-22 05:00:00+00:00,4.699,4.699,4.699,4.699,2
2022-02-22 06:00:00+00:00,4.696,4.696,4.626,4.626,7
2022-02-22 07:00:00+00:00,4.571,4.591,4.526,4.587,52
2022-02-22 08:00:00+00:00,4.563,4.563,4.517,4.517,11
2022-02-22 10:00:00+00:00,4.502,4.576,4.502,4.576,25
2022-02-22 11:00:00+00:00,4.53,4.58,4.315,4.58,20
2022-02-22 12:00:00+00:00,4.612,4.711,4.573,4.711,29
2022-02-22 13:00:00+00:00,4.594,4.594,4.54,4.54,7
2022-02-22 14:00:00+00:00,4.54,4.54,4.54,4.54,2
2022-02-22 15:00:00+00:00,4.585,4.639,4.585,4.639,30
2022-02-22 16:00:00+00:00,4.605,4.635,4.579,4.579,44
2022-02-22 17:00:00+00:00,4.593,4.593,4.593,4.593,1
2022-02-22 18:00:00+00:00,4.579,4.579,4.521,4.521,71
2022-02-22 19:00:00+00:00,4.487,4.492,4.484,4.484,13
2022-02-22 20:00:00+00:00,4.54,4.54,4.53,4.53,2
2022-02-23 04:00:00+00:00,4.542,4.576,4.542,4.576,5
2022-02-23 05:00:00+00:00,4.577,4.577,4.577,4.577,3
2022-02-23 09:00:00+00:00,4.5,4.52,4.5,4.52,2
2022-02-23 10:00:00+00:00,4.517,4.517,4.517,4.517,2
2022-02-23 11:00:00+00:00,4.515,4.515,4.515,4.515,5
2022-02-23 12:00:00+00:00,4.5600000000000005,4.5600000000000005,4.5600000000000005,4.5600000000000005,1
2022-02-23 13:00:00+00:00,4.6,4.628,4.566,4.608,7
2022-02-23 14:00:00+00:00,4.6,4.6,4.6,4.6,1
2022-02-23 15:00:00+00:00,4.601,4.71,4.601,4.689,17
2022-02-23 16:00:00+00:00,4.68,4.68,4.634,4.665,16
2022-02-23 17:00:00+00:00,4.664,4.664,4.618,4.618,10
2022-02-23 18:00:00+00:00,4.606,4.607,4.598,4.607,6
2022-02-23 19:00:00+00:00,4.656,4.656,4.614,4.614,9
2022-02-23 20:00:00+00:00,4.6129999999999995,4.6129999999999995,4.611,4.611,17
2022-02-24 04:00:00+00:00,4.7,5.049,4.609,4.902,43
2022-02-24 07:00:00+00:00,4.97,5.197,4.775,5.027,91
2022-02-24 08:00:00+00:00,5.002,5.002,4.777,4.998,48
2022-02-24 09:00:00+00:00,4.996,5.001,4.9190000000000005,4.97,32
2022-02-24 10:00:00+00:00,4.999,5.001,4.952,4.954,20
2022-02-24 11:00:00+00:00,4.951,4.966,4.782,4.782,17
2022-02-24 12:00:00+00:00,4.899,4.902,4.824,4.9,5
2022-02-24 13:00:00+00:00,4.9,4.977,4.898,4.926,31
2022-02-24 14:00:00+00:00,4.926,4.95,4.837,4.837,9
2022-02-24 15:00:00+00:00,4.91,4.95,4.91,4.95,15
2022-02-24 16:00:00+00:00,4.874,4.967,4.828,4.828,23
2022-02-24 17:00:00+00:00,4.899,4.902,4.899,4.902,4
2022-02-24 18:00:00+00:00,4.826,4.861,4.688,4.688,50
2022-02-24 19:00:00+00:00,4.691,4.749,4.626,4.749,10
2022-02-24 20:00:00+00:00,4.809,4.85,4.809,4.85,2
2022-02-25 07:00:00+00:00,4.753,4.753,4.57,4.598,25
2022-02-25 08:00:00+00:00,4.636,4.695,4.598,4.634,8
2022-02-25 09:00:00+00:00,4.6,4.6,4.58,4.58,12
2022-02-25 10:00:00+00:00,4.58,4.652,4.58,4.651,5
2022-02-25 11:00:00+00:00,4.602,4.602,4.602,4.602,1
2022-02-25 12:00:00+00:00,4.607,4.607,4.602,4.602,5
2022-02-25 13:00:00+00:00,4.602,4.602,4.57,4.57,34
2022-02-25 14:00:00+00:00,4.571,4.571,4.571,4.571,1
2022-02-25 15:00:00+00:00,4.633,4.699,4.633,4.641,23
2022-02-25 16:00:00+00:00,4.572,4.5969999999999995,4.571,4.573,6
2022-02-25 19:00:00+00:00,4.643,4.66,4.602,4.66,12
2022-02-25 20:00:00+00:00,4.6,4.6,4.6,4.6,14
2022-03-02 07:00:00+00:00,4.7,5.08,4.646,4.89,20
2022-03-02 08:00:00+00:00,4.95,5.08,4.701,4.701,141
2022-03-02 09:00:00+00:00,4.811,4.824,4.796,4.821,308
2022-03-02 10:00:00+00:00,4.822,5.088,4.802,4.802,62
2022-03-02 11:00:00+00:00,4.766,4.766,4.766,4.766,1
2022-03-02 12:00:00+00:00,4.763,4.766,4.763,4.766,6
2022-03-02 14:00:00+00:00,4.7,4.7,4.7,4.7,2
2022-03-03 07:00:00+00:00,4.75,4.75,4.75,4.75,4
2022-03-03 08:00:00+00:00,4.88,4.88,4.88,4.88,1
2022-03-03 12:00:00+00:00,4.9,4.9,4.9,4.9,1
2022-03-03 13:00:00+00:00,4.987,4.987,4.987,4.987,1
2022-03-03 14:00:00+00:00,4.99,5.0,4.99,4.99,13
2022-03-04 07:00:00+00:00,5.351,5.351,4.66,4.858,20
2022-03-04 08:00:00+00:00,4.9,4.9,4.83,4.83,7
2022-03-04 09:00:00+00:00,4.848,4.848,4.842,4.845,20
2022-03-04 10:00:00+00:00,4.827,4.827,4.827,4.827,1
2022-03-04 11:00:00+00:00,4.857,4.857,4.857,4.857,3
2022-03-04 12:00:00+00:00,4.894,4.924,4.894,4.924,16
2022-03-04 13:00:00+00:00,4.925,4.925,4.713,4.87,12
2022-03-04 14:00:00+00:00,4.895,4.9350000000000005,4.895,4.9350000000000005,5
2022-03-04 15:00:00+00:00,4.9399999999999995,5.197,4.9399999999999995,5.148,157
2022-03-09 07:00:00+00:00,4.651,5.344,4.65,5.337,64
2022-03-09 08:00:00+00:00,5.35,5.496,5.05,5.394,26
2022-03-09 09:00:00+00:00,5.394,5.458,5.101,5.346,59
2022-03-09 10:00:00+00:00,5.398,5.399,5.11,5.21,18
2022-03-09 11:00:00+00:00,5.2,5.345,5.115,5.251,9
2022-03-09 12:00:00+00:00,5.251,5.287,5.105,5.287,10
2022-03-09 13:00:00+00:00,5.288,5.288,5.013,5.03,29
2022-03-09 14:00:00+00:00,5.076,5.178,5.05,5.084,13
2022-03-09 15:00:00+00:00,5.081,5.09,5.041,5.042,8
2022-03-10 07:00:00+00:00,5.032,5.196,5.001,5.157,13
2022-03-10 08:00:00+00:00,4.987,5.143,4.826,5.03,16
2022-03-10 09:00:00+00:00,5.134,5.134,5.113,5.113,3
2022-03-10 10:00:00+00:00,5.113,5.113,5.039,5.039,6
2022-03-10 11:00:00+00:00,5.039,5.14,5.039,5.14,5
2022-03-10 13:00:00+00:00,5.119,5.12,5.041,5.041,6
2022-03-10 14:00:00+00:00,5.119,5.12,5.074,5.075,4
2022-03-10 15:00:00+00:00,5.099,5.1,4.854,4.854,16
2022-03-11 07:00:00+00:00,5.292,5.293,5.001,5.16,5
2022-03-11 08:00:00+00:00,5.129,5.129,5.126,5.126,2
2022-03-11 09:00:00+00:00,5.1,5.105,5.013,5.013,3
2022-03-11 10:00:00+00:00,5.12,5.12,4.976,5.12,9
2022-03-11 11:00:00+00:00,5.012,5.099,5.012,5.095,5
2022-03-11 12:00:00+00:00,5.04,5.04,5.015,5.021,5
2022-03-11 13:00:00+00:00,4.992,5.056,4.992,5.027,5
2022-03-11 14:00:00+00:00,4.992,4.992,4.832,4.893,281
2022-03-11 15:00:00+00:00,4.91,5.001,4.9,4.9,56
2022-03-14 07:00:00+00:00,4.769,4.843,4.756,4.772,20
2022-03-14 08:00:00+00:00,4.819,4.819,4.818,4.818,4
2022-03-14 09:00:00+00:00,4.8,4.8,4.744,4.744,33
2022-03-14 10:00:00+00:00,4.74,4.8,4.615,4.8,41
2022-03-14 11:00:00+00:00,4.783,4.783,4.701,4.701,14
2022-03-14 12:00:00+00:00,4.7,4.77,4.7,4.77,9
2022-03-14 13:00:00+00:00,4.723,4.745,4.713,4.745,6
2022-03-14 14:00:00+00:00,4.746,4.771,4.746,4.771,2
2022-03-14 15:00:00+00:00,4.747,4.777,4.701,4.777,10
2022-03-15 07:00:00+00:00,4.665,4.704,4.665,4.665,22
2022-03-15 08:00:00+00:00,4.665,4.758,4.665,4.758,21
2022-03-15 09:00:00+00:00,4.749,4.749,4.749,4.749,1
2022-03-15 10:00:00+00:00,4.705,4.739,4.67,4.67,9
2022-03-15 11:00:00+00:00,4.711,4.732,4.66,4.662,37
2022-03-15 12:00:00+00:00,4.645,4.645,4.639,4.639,4
2022-03-15 13:00:00+00:00,4.651,4.73,4.612,4.703,20
2022-03-15 14:00:00+00:00,4.703,4.703,4.651,4.659,12
2022-03-15 15:00:00+00:00,4.66,4.682,4.66,4.68,14
2022-03-16 07:00:00+00:00,4.954,4.96,4.711,4.8,19
2022-03-16 08:00:00+00:00,4.798,4.822,4.797,4.8100000000000005,7
2022-03-16 09:00:00+00:00,4.8100000000000005,4.8100000000000005,4.741,4.741,12
2022-03-16 10:00:00+00:00,4.74,4.798,4.72,4.798,14
2022-03-16 11:00:00+00:00,4.79,4.798,4.732,4.774,7
2022-03-16 12:00:00+00:00,4.775,4.797,4.766,4.766,13
2022-03-16 13:00:00+00:00,4.774,4.774,4.773,4.773,4
2022-03-16 14:00:00+00:00,4.751,4.751,4.747,4.747,4
2022-03-16 15:00:00+00:00,4.768,4.773,4.731,4.773,6
2022-03-17 07:00:00+00:00,4.787,4.788,4.77,4.77,17
2022-03-17 08:00:00+00:00,4.777,4.785,4.765,4.769,8
2022-03-17 09:00:00+00:00,4.746,4.787,4.736,4.749,23
2022-03-17 10:00:00+00:00,4.789,4.7940000000000005,4.777,4.79,22
2022-03-17 11:00:00+00:00,4.792,4.835,4.792,4.835,5
2022-03-17 12:00:00+00:00,4.86,4.86,4.805,4.822,7
2022-03-17 13:00:00+00:00,4.85,4.866,4.843,4.843,6
2022-03-17 14:00:00+00:00,4.849,4.85,4.849,4.85,3
2022-03-17 15:00:00+00:00,4.855,5.0,4.855,5.0,60
2022-03-18 07:00:00+00:00,5.2,5.201,4.835,4.85,15
2022-03-18 08:00:00+00:00,4.85,4.889,4.829,4.889,8
2022-03-18 09:00:00+00:00,4.8309999999999995,4.8309999999999995,4.83,4.83,2
2022-03-18 10:00:00+00:00,4.827,4.95,4.827,4.95,6
2022-03-18 11:00:00+00:00,4.9030000000000005,4.9030000000000005,4.9030000000000005,4.9030000000000005,1
2022-03-18 12:00:00+00:00,4.925,4.925,4.894,4.917,5
2022-03-18 13:00:00+00:00,4.929,4.929,4.871,4.871,4
2022-03-18 14:00:00+00:00,4.889,4.9,4.889,4.9,2
2022-03-18 15:00:00+00:00,4.9,4.995,4.9,4.995,13
2022-03-21 07:00:00+00:00,5.089,5.089,4.8149999999999995,4.917,62
2022-03-21 08:00:00+00:00,4.927,4.998,4.927,4.9399999999999995,9
2022-03-21 09:00:00+00:00,4.965,5.036,4.811,4.918,99
2022-03-21 10:00:00+00:00,4.892,4.927,4.892,4.927,3
2022-03-21 11:00:00+00:00,4.933,4.943,4.926,4.943,7
2022-03-21 12:00:00+00:00,4.927,4.927,4.88,4.88,16
2022-03-21 13:00:00+00:00,4.949,4.949,4.9030000000000005,4.9030000000000005,7
2022-03-21 14:00:00+00:00,4.892,4.922,4.892,4.922,2
2022-03-21 15:00:00+00:00,4.924,4.938,4.91,4.938,9
2022-03-22 07:00:00+00:00,5.049,5.199,4.7219999999999995,4.983,88
2022-03-22 08:00:00+00:00,5.0,5.0,4.983,4.985,18
2022-03-22 09:00:00+00:00,4.958,4.958,4.907,4.958,10
2022-03-22 10:00:00+00:00,4.958,4.995,4.958,4.986,9
2022-03-22 11:00:00+00:00,4.9879999999999995,5.0,4.9879999999999995,5.0,4
2022-03-22 12:00:00+00:00,4.998,5.077,4.998,5.077,56
2022-03-22 13:00:00+00:00,5.065,5.115,5.023,5.04,30
2022-03-22 14:00:00+00:00,5.046,5.065,5.04,5.04,9
2022-03-22 15:00:00+00:00,5.013,5.089,5.007,5.089,11
2022-03-23 07:00:00+00:00,5.143,5.143,4.95,5.096,57
2022-03-23 08:00:00+00:00,5.118,5.119,5.109,5.119,9
2022-03-23 09:00:00+00:00,5.126,5.15,5.119,5.15,15
2022-03-23 10:00:00+00:00,5.149,5.19,5.14,5.19,41
2022-03-23 11:00:00+00:00,5.19,5.2,5.124,5.173,32
2022-03-23 12:00:00+00:00,5.194,5.234,5.163,5.233,37
2022-03-23 13:00:00+00:00,5.219,5.333,5.219,5.269,155
2022-03-23 14:00:00+00:00,5.231,5.263,5.221,5.259,45
2022-03-23 15:00:00+00:00,5.25,5.287,5.21,5.21,23
2022-03-24 07:00:00+00:00,5.349,5.349,4.646,5.247,205
2022-03-24 08:00:00+00:00,5.247,5.247,5.14,5.182,31
2022-03-24 09:00:00+00:00,5.156,5.22,5.156,5.17,19
2022-03-24 10:00:00+00:00,5.179,5.25,5.179,5.25,32
2022-03-24 11:00:00+00:00,5.249,5.249,5.201,5.202,11
2022-03-24 12:00:00+00:00,5.204,5.24,5.195,5.222,39
2022-03-24 13:00:00+00:00,5.221,5.223,5.17,5.196,18
2022-03-24 14:00:00+00:00,5.188,5.223,5.175,5.223,37
2022-03-24 15:00:00+00:00,5.229,5.295,5.229,5.295,36
2022-03-25 07:00:00+00:00,5.399,5.399,5.285,5.33,82
2022-03-25 08:00:00+00:00,5.33,5.33,5.267,5.288,28
2022-03-25 09:00:00+00:00,5.295,5.297,5.27,5.297,12
2022-03-25 10:00:00+00:00,5.276,5.37,5.271,5.349,79
2022-03-25 11:00:00+00:00,5.334,5.395,5.248,5.385,65
2022-03-25 12:00:00+00:00,5.384,5.443,5.36,5.399,62
2022-03-25 13:00:00+00:00,5.389,5.398,5.303,5.349,30
2022-03-25 14:00:00+00:00,5.349,5.384,5.328,5.36,15
2022-03-25 15:00:00+00:00,5.338,5.393,5.305,5.393,22
2022-03-28 07:00:00+00:00,5.537,5.537,5.15,5.357,106
2022-03-28 08:00:00+00:00,5.359,5.359,5.301,5.331,43
2022-03-28 09:00:00+00:00,5.332,5.351,5.305,5.317,32
2022-03-28 10:00:00+00:00,5.329,5.349,5.321,5.34,15
2022-03-28 11:00:00+00:00,5.339,5.342,5.32,5.34,26
2022-03-28 12:00:00+00:00,5.324,5.325,5.289,5.299,37
2022-03-28 13:00:00+00:00,5.285,5.302,5.276,5.302,97
2022-03-28 14:00:00+00:00,5.3,5.379,5.3,5.337,66
2022-03-28 15:00:00+00:00,5.341,5.379,5.339,5.379,32
2022-03-29 07:00:00+00:00,5.43,5.495,5.301,5.306,73
2022-03-29 08:00:00+00:00,5.301,5.329,5.286,5.31,43
2022-03-29 09:00:00+00:00,5.309,5.329,5.276,5.295,70
2022-03-29 10:00:00+00:00,5.291,5.314,5.27,5.283,34
2022-03-29 11:00:00+00:00,5.301,5.313,5.283,5.283,75
2022-03-29 12:00:00+00:00,5.283,5.285,5.22,5.284,109
2022-03-29 13:00:00+00:00,5.256,5.313,5.236,5.303,149
2022-03-29 14:00:00+00:00,5.265,5.265,5.23,5.249,63
2022-03-29 15:00:00+00:00,5.245,5.245,5.211,5.211,19
2022-03-30 07:00:00+00:00,5.289,5.307,5.1,5.254,243
2022-03-30 08:00:00+00:00,5.256,5.291,5.244,5.291,113
2022-03-30 09:00:00+00:00,5.284,5.299,5.281,5.297,20
2022-03-30 10:00:00+00:00,5.295,5.306,5.231,5.231,117
2022-03-30 11:00:00+00:00,5.245,5.319,5.245,5.3,82
2022-03-30 12:00:00+00:00,5.305,5.378,5.304,5.36,114
2022-03-30 13:00:00+00:00,5.342,5.395,5.342,5.37,60
2022-03-30 14:00:00+00:00,5.37,5.413,5.369,5.393,61
2022-03-30 15:00:00+00:00,5.39,5.391,5.325,5.346,50
2022-03-31 07:00:00+00:00,5.41,5.41,5.313,5.404,80
2022-03-31 08:00:00+00:00,5.404,5.404,5.36,5.36,35
2022-03-31 09:00:00+00:00,5.355,5.4030000000000005,5.342,5.388,76
2022-03-31 10:00:00+00:00,5.388,5.4,5.386,5.4,27
2022-03-31 11:00:00+00:00,5.395,5.396,5.343,5.348,74
2022-03-31 12:00:00+00:00,5.349,5.404,5.348,5.404,61
2022-03-31 13:00:00+00:00,5.404,5.5,5.4,5.494,336
2022-03-31 14:00:00+00:00,5.468,5.571,5.467,5.536,323
2022-03-31 15:00:00+00:00,5.535,5.535,5.466,5.51,199
2022-04-01 07:00:00+00:00,5.401,5.519,5.376,5.493,257
2022-04-01 08:00:00+00:00,5.493,5.53,5.491,5.506,66
2022-04-01 09:00:00+00:00,5.491,5.491,5.43,5.43,87
2022-04-01 10:00:00+00:00,5.44,5.474,5.43,5.47,79
2022-04-01 11:00:00+00:00,5.462,5.49,5.462,5.467,43
2022-04-01 12:00:00+00:00,5.456,5.456,5.421,5.432,140
2022-04-01 13:00:00+00:00,5.429,5.489,5.426,5.443,55
2022-04-01 14:00:00+00:00,5.478,5.507,5.469,5.4879999999999995,56
2022-04-01 15:00:00+00:00,5.474,5.5,5.466,5.486,42
2022-04-04 07:00:00+00:00,5.543,5.563,5.496,5.522,122
2022-04-04 08:00:00+00:00,5.532,5.537,5.519,5.535,16
2022-04-04 09:00:00+00:00,5.532,5.538,5.505,5.505,39
2022-04-04 10:00:00+00:00,5.505,5.543,5.4879999999999995,5.51,64
2022-04-04 11:00:00+00:00,5.507,5.519,5.494,5.507,54
2022-04-04 12:00:00+00:00,5.529,5.5600000000000005,5.523,5.539,75
2022-04-04 13:00:00+00:00,5.554,5.562,5.533,5.562,46
2022-04-04 14:00:00+00:00,5.566,5.576,5.523,5.541,101
2022-04-04 15:00:00+00:00,5.547,5.55,5.513,5.531,56
2022-04-05 07:00:00+00:00,5.582,5.628,5.567,5.621,211
2022-04-05 08:00:00+00:00,5.616,5.628,5.574,5.624,69
2022-04-05 09:00:00+00:00,5.624,5.625,5.611,5.615,40
2022-04-05 10:00:00+00:00,5.611,5.642,5.578,5.6370000000000005,83
2022-04-05 11:00:00+00:00,5.6370000000000005,5.664,5.622,5.656,67
2022-04-05 12:00:00+00:00,5.658,5.68,5.632,5.661,47
2022-04-05 13:00:00+00:00,5.661,5.682,5.648,5.677,104
2022-04-05 14:00:00+00:00,5.677,5.701,5.666,5.6850000000000005,166
2022-04-05 15:00:00+00:00,5.682,5.724,5.682,5.697,81
2022-04-06 07:00:00+00:00,5.741,5.786,5.668,5.733,129
2022-04-06 08:00:00+00:00,5.733,5.751,5.721,5.736,70
2022-04-06 09:00:00+00:00,5.749,5.753,5.725,5.741,56
2022-04-06 10:00:00+00:00,5.758,5.758,5.727,5.743,50
2022-04-06 11:00:00+00:00,5.74,5.83,5.735,5.75,288
2022-04-06 12:00:00+00:00,5.737,5.8,5.73,5.786,204
2022-04-06 13:00:00+00:00,5.78,5.786,5.723,5.757,189
2022-04-06 14:00:00+00:00,5.75,5.763,5.735,5.74,71
2022-04-06 15:00:00+00:00,5.748,5.78,5.731,5.78,164
2022-04-07 07:00:00+00:00,5.702,5.717,5.601,5.65,518
2022-04-07 08:00:00+00:00,5.643,5.643,5.566,5.577,211
2022-04-07 09:00:00+00:00,5.591,5.65,5.591,5.638,84
2022-04-07 10:00:00+00:00,5.638,5.65,5.58,5.589,93
2022-04-07 11:00:00+00:00,5.584,5.7,5.584,5.6899999999999995,189
2022-04-07 12:00:00+00:00,5.6899999999999995,5.7,5.639,5.664,122
2022-04-07 13:00:00+00:00,5.682,5.682,5.58,5.621,102
2022-04-07 14:00:00+00:00,5.608,5.671,5.603,5.641,126
2022-04-07 15:00:00+00:00,5.65,5.671,5.628,5.635,39
2022-04-08 07:00:00+00:00,5.793,5.898,5.742,5.845,456
2022-04-08 08:00:00+00:00,5.837,5.859,5.785,5.785,94
2022-04-08 09:00:00+00:00,5.785,5.8100000000000005,5.766,5.773,116
2022-04-08 10:00:00+00:00,5.792,5.801,5.768,5.8,101
2022-04-08 11:00:00+00:00,5.799,5.888,5.799,5.853,163
2022-04-08 12:00:00+00:00,5.87,5.89,5.808,5.821,145
2022-04-08 13:00:00+00:00,5.812,5.824,5.771,5.817,88
2022-04-08 14:00:00+00:00,5.816,5.822,5.76,5.792,104
2022-04-08 15:00:00+00:00,5.776,5.839,5.776,5.814,68
2022-04-11 07:00:00+00:00,5.775,5.8309999999999995,5.73,5.8309999999999995,93
2022-04-11 08:00:00+00:00,5.84,5.896,5.838,5.883,190
2022-04-11 09:00:00+00:00,5.874,5.89,5.856,5.864,45
2022-04-11 10:00:00+00:00,5.864,5.884,5.845,5.852,64
2022-04-11 11:00:00+00:00,5.854,5.856,5.779,5.8,117
2022-04-11 12:00:00+00:00,5.8100000000000005,5.873,5.8,5.846,86
2022-04-11 13:00:00+00:00,5.87,5.885,5.807,5.807,135
2022-04-11 14:00:00+00:00,5.821,5.95,5.821,5.904,205
2022-04-11 15:00:00+00:00,5.91,5.95,5.905,5.95,52
2022-04-12 07:00:00+00:00,6.028,6.111,5.79,6.074,469
2022-04-12 08:00:00+00:00,6.07,6.158,6.032,6.124,233
2022-04-12 09:00:00+00:00,6.124,6.124,6.001,6.001,244
2022-04-12 10:00:00+00:00,6.016,6.052,6.008,6.026,140
2022-04-12 11:00:00+00:00,6.029,6.138,6.025,6.1,184
2022-04-12 12:00:00+00:00,6.095,6.122,6.008,6.033,116
2022-04-12 13:00:00+00:00,6.028,6.08,6.0,6.034,193
2022-04-12 14:00:00+00:00,6.02,6.05,5.992,6.046,137
2022-04-12 15:00:00+00:00,6.045,6.123,6.037,6.123,196
2022-04-13 07:00:00+00:00,6.015,6.088,5.925,6.02,249
2022-04-13 08:00:00+00:00,6.029,6.039,6.017,6.031,87
2022-04-13 09:00:00+00:00,6.03,6.07,6.01,6.07,86
2022-04-13 10:00:00+00:00,6.06,6.083,6.045,6.083,41
2022-04-13 11:00:00+00:00,6.061,6.101,6.049,6.092,72
2022-04-13 12:00:00+00:00,6.088,6.17,6.085,6.145,434
2022-04-13 13:00:00+00:00,6.145,6.17,6.101,6.159,277
2022-04-13 14:00:00+00:00,6.159,6.17,6.139,6.162,202
2022-04-13 15:00:00+00:00,6.143,6.193,6.14,6.172,113
2022-04-14 07:00:00+00:00,6.299,6.299,6.106,6.151,267
2022-04-14 08:00:00+00:00,6.152,6.171,6.134,6.143,123
2022-04-14 09:00:00+00:00,6.151,6.166,6.134,6.134,116
2022-04-14 10:00:00+00:00,6.132,6.1370000000000005,6.101,6.128,112
2022-04-14 11:00:00+00:00,6.129,6.147,6.09,6.106,208
2022-04-14 12:00:00+00:00,6.111,6.144,6.107,6.131,157
2022-04-14 13:00:00+00:00,6.114,6.151,6.1,6.107,139
2022-04-14 14:00:00+00:00,6.113,6.146,5.995,6.132,594
2022-04-14 15:00:00+00:00,6.13,6.145,6.062,6.08,291
2022-04-15 07:00:00+00:00,6.4,6.4,6.057,6.179,482
2022-04-15 08:00:00+00:00,6.174,6.179,6.161,6.164,77
2022-04-15 09:00:00+00:00,6.164,6.176,6.16,6.175,80
2022-04-15 10:00:00+00:00,6.175,6.2,6.162,6.177,109
2022-04-15 11:00:00+00:00,6.183,6.217,6.183,6.189,112
2022-04-15 12:00:00+00:00,6.207,6.229,6.196,6.198,76
2022-04-15 13:00:00+00:00,6.203,6.224,6.162,6.192,116
2022-04-15 14:00:00+00:00,6.198,6.209,6.151,6.209,228
2022-04-15 15:00:00+00:00,6.174,6.249,6.171,6.2379999999999995,148
2022-04-18 07:00:00+00:00,6.336,6.4,6.28,6.325,506
2022-04-18 08:00:00+00:00,6.332,6.436,6.332,6.434,415
2022-04-18 09:00:00+00:00,6.435,6.444,6.39,6.405,409
2022-04-18 10:00:00+00:00,6.41,6.423,6.315,6.365,233
2022-04-18 11:00:00+00:00,6.37,6.429,6.37,6.419,240
2022-04-18 12:00:00+00:00,6.407,6.457,6.386,6.431,194
2022-04-18 13:00:00+00:00,6.43,6.527,6.405,6.518,443
2022-04-18 14:00:00+00:00,6.52,6.561,6.5,6.536,431
2022-04-18 15:00:00+00:00,6.55,6.727,6.514,6.626,548
2022-04-19 07:00:00+00:00,6.57,6.695,6.444,6.527,1040
2022-04-19 08:00:00+00:00,6.529,6.554,6.451,6.451,505
2022-04-19 09:00:00+00:00,6.451,6.615,6.451,6.592,527
2022-04-19 10:00:00+00:00,6.58,6.58,6.508,6.537,226
2022-04-19 11:00:00+00:00,6.526,6.54,6.355,6.377,526
2022-04-19 12:00:00+00:00,6.376,6.436,6.235,6.396,1191
2022-04-19 13:00:00+00:00,6.393,6.393,6.183,6.245,786
2022-04-19 14:00:00+00:00,6.25,6.328,6.221,6.24,330
2022-04-19 15:00:00+00:00,6.243,6.4,6.2379999999999995,6.38,422
2022-04-20 07:00:00+00:00,6.38,6.495,6.3,6.401,592
2022-04-20 08:00:00+00:00,6.401,6.519,6.3870000000000005,6.412,556
2022-04-20 09:00:00+00:00,6.41,6.5969999999999995,6.41,6.573,481
2022-04-20 10:00:00+00:00,6.586,6.6899999999999995,6.495,6.561,1127
2022-04-20 11:00:00+00:00,6.572,6.819,6.521,6.767,1107
2022-04-20 12:00:00+00:00,6.789,6.949,6.687,6.725,1623
2022-04-20 13:00:00+00:00,6.725,6.775,6.604,6.633,651
2022-04-20 14:00:00+00:00,6.654,6.776,6.57,6.615,767
2022-04-20 15:00:00+00:00,6.62,6.625,6.4719999999999995,6.531,735
2022-04-21 07:00:00+00:00,6.467,6.7,6.4,6.575,1390
2022-04-21 08:00:00+00:00,6.575,6.5809999999999995,6.489,6.541,353
2022-04-21 09:00:00+00:00,6.55,6.61,6.5,6.533,356
2022-04-21 10:00:00+00:00,6.534,6.588,6.525,6.549,257
2022-04-21 11:00:00+00:00,6.549,6.65,6.548,6.6,472
2022-04-21 12:00:00+00:00,6.583,6.6899999999999995,6.517,6.524,555
2022-04-21 13:00:00+00:00,6.537,6.635,6.53,6.563,205
2022-04-21 14:00:00+00:00,6.563,6.644,6.41,6.5600000000000005,1017
2022-04-21 15:00:00+00:00,6.561,6.57,6.45,6.5,442
2022-04-22 07:00:00+00:00,6.545,6.625,6.53,6.592,726
2022-04-22 08:00:00+00:00,6.593,6.5969999999999995,6.504,6.539,339
2022-04-22 09:00:00+00:00,6.539,6.589,6.537,6.556,322
2022-04-22 10:00:00+00:00,6.5600000000000005,6.62,6.546,6.591,394
2022-04-22 11:00:00+00:00,6.605,6.6850000000000005,6.559,6.559,680
2022-04-22 12:00:00+00:00,6.558,6.576,6.464,6.539,597
2022-04-22 13:00:00+00:00,6.541,6.588,6.495,6.5649999999999995,486
2022-04-22 14:00:00+00:00,6.552,6.57,6.5,6.511,277
2022-04-22 15:00:00+00:00,6.507,6.538,6.471,6.49,660
2022-04-25 07:00:00+00:00,6.352,6.395,6.21,6.361,1262
2022-04-25 08:00:00+00:00,6.361,6.362,6.311,6.311,463
2022-04-25 09:00:00+00:00,6.31,6.395,6.31,6.37,591
2022-04-25 10:00:00+00:00,6.373,6.373,6.302,6.314,372
2022-04-25 11:00:00+00:00,6.313,6.434,6.313,6.404,956
2022-04-25 12:00:00+00:00,6.408,6.435,6.305,6.316,917
2022-04-25 13:00:00+00:00,6.316,6.362,6.286,6.352,931
2022-04-25 14:00:00+00:00,6.359,6.406,6.33,6.362,671
2022-04-25 15:00:00+00:00,6.362,6.399,6.35,6.35,416
2022-04-26 07:00:00+00:00,6.515,6.625,6.423,6.505,1631
2022-04-26 08:00:00+00:00,6.51,6.62,6.504,6.584,2175
2022-04-26 09:00:00+00:00,6.599,6.686,6.5809999999999995,6.649,1677
2022-04-26 10:00:00+00:00,6.65,6.7,6.5600000000000005,6.661,1457
2022-04-26 11:00:00+00:00,6.661,6.744,6.64,6.6530000000000005,1322
2022-04-26 12:00:00+00:00,6.647,6.72,6.625,6.63,1282
2022-04-26 13:00:00+00:00,6.63,6.7,6.605,6.65,1229
2022-04-26 14:00:00+00:00,6.648,6.741,6.63,6.74,1187
2022-04-26 15:00:00+00:00,6.741,6.798,6.72,6.757,1348
2022-04-27 07:00:00+00:00,6.818,6.99,6.808,6.959,5965
2022-04-27 08:00:00+00:00,6.958,6.962,6.872,6.898,2758
2022-04-27 09:00:00+00:00,6.902,6.914,6.816,6.911,3789
2022-04-27 10:00:00+00:00,6.912,6.943,6.8309999999999995,6.938,3770
2022-04-27 11:00:00+00:00,6.938,6.979,6.91,6.926,4798
2022-04-27 12:00:00+00:00,6.924,6.931,6.88,6.9,3753
2022-04-27 13:00:00+00:00,6.9,7.065,6.9,7.042,8351
2022-04-27 14:00:00+00:00,7.047,7.12,7.03,7.085,7044
2022-04-27 15:00:00+00:00,7.086,7.096,7.015,7.096,3625
2022-04-28 07:00:00+00:00,7.1,7.249,7.1,7.155,4413
2022-04-28 08:00:00+00:00,7.151,7.207,7.138,7.196,2102
2022-04-28 09:00:00+00:00,7.2,7.208,7.122,7.122,2862
2022-04-28 10:00:00+00:00,7.123,7.16,7.106,7.12,2908
2022-04-28 11:00:00+00:00,7.124,7.187,7.11,7.126,3274
2022-04-28 12:00:00+00:00,7.122,7.133,6.782,6.934,16141
2022-04-28 13:00:00+00:00,6.934,6.934,6.736,6.75,8695
2022-04-28 14:00:00+00:00,6.747,6.943,6.61,6.749,16738
2022-04-28 15:00:00+00:00,6.747,6.876,6.68,6.805,7209
2022-04-29 07:00:00+00:00,6.741,6.77,6.48,6.557,12950
2022-04-29 08:00:00+00:00,6.559,6.71,6.533,6.686,6638
2022-04-29 09:00:00+00:00,6.683,6.686,6.5,6.57,5201
2022-04-29 10:00:00+00:00,6.57,6.661,6.531,6.62,3873
2022-04-29 11:00:00+00:00,6.627,6.631,6.455,6.545,7326
2022-04-29 12:00:00+00:00,6.546,6.731,6.516,6.724,7726
2022-04-29 13:00:00+00:00,6.726,6.795,6.633,6.68,9068
2022-04-29 14:00:00+00:00,6.689,6.868,6.688,6.811,5633
2022-04-29 15:00:00+00:00,6.814,6.844,6.743,6.789,4992
2022-05-04 07:00:00+00:00,6.9,7.619,6.9,7.342,13262
2022-05-04 08:00:00+00:00,7.343,7.42,7.25,7.369,6223
2022-05-04 09:00:00+00:00,7.375,7.3870000000000005,7.342,7.371,1491
2022-05-04 10:00:00+00:00,7.371,7.521,7.281,7.48,8003
2022-05-04 11:00:00+00:00,7.479,7.6,7.421,7.5280000000000005,8729
2022-05-04 12:00:00+00:00,7.532,7.675,7.463,7.651,10600
2022-05-04 13:00:00+00:00,7.656,7.666,7.505,7.629,10951
2022-05-04 14:00:00+00:00,7.629,7.671,7.545,7.566,6202
2022-05-04 15:00:00+00:00,7.561,7.629,7.552,7.569,3938
2022-05-05 07:00:00+00:00,7.65,7.948,7.65,7.688,10563
2022-05-05 08:00:00+00:00,7.686,7.749,7.68,7.723,3699
2022-05-05 09:00:00+00:00,7.724,7.833,7.717,7.814,5850
2022-05-05 10:00:00+00:00,7.814,7.822,7.616,7.63,10644
2022-05-05 11:00:00+00:00,7.63,7.68,7.474,7.655,15669
2022-05-05 12:00:00+00:00,7.656,7.77,7.589,7.652,10492
2022-05-05 13:00:00+00:00,7.65,7.715,7.58,7.605,9069
2022-05-05 14:00:00+00:00,7.609,7.666,7.452,7.64,12287
2022-05-05 15:00:00+00:00,7.64,7.82,7.562,7.819,8134
2022-05-06 07:00:00+00:00,7.941,8.18,7.782,7.796,11823
2022-05-06 08:00:00+00:00,7.791,7.955,7.79,7.922,8684
2022-05-06 09:00:00+00:00,7.916,8.083,7.913,8.056,11140
2022-05-06 10:00:00+00:00,8.058,8.149,7.979,8.025,13401
2022-05-06 11:00:00+00:00,8.024,8.086,7.931,7.941,9204
2022-05-06 12:00:00+00:00,7.946,8.058,7.865,7.905,11341
2022-05-06 13:00:00+00:00,7.904,7.965,7.836,7.892,8478
2022-05-06 14:00:00+00:00,7.892,7.963,7.853,7.9030000000000005,8664
2022-05-06 15:00:00+00:00,7.905,8.034,7.888,7.98,7365
2022-05-11 07:00:00+00:00,7.505,7.564,7.056,7.506,20008
2022-05-11 08:00:00+00:00,7.506,7.547,7.384,7.471,7833
2022-05-11 09:00:00+00:00,7.473,7.513,7.415,7.49,4099
2022-05-11 10:00:00+00:00,7.4879999999999995,7.55,7.441,7.458,4184
2022-05-11 11:00:00+00:00,7.454,7.64,7.423,7.59,6955
2022-05-11 12:00:00+00:00,7.594,7.6370000000000005,7.524,7.595,5451
2022-05-11 13:00:00+00:00,7.593,7.68,7.491,7.624,7748
2022-05-11 14:00:00+00:00,7.636,7.675,7.576,7.64,4487
2022-05-11 15:00:00+00:00,7.646,7.646,7.545,7.577,3935
2022-05-12 07:00:00+00:00,7.549,7.594,7.424,7.448,7980
2022-05-12 08:00:00+00:00,7.457,7.46,7.247,7.254,9418
2022-05-12 09:00:00+00:00,7.254,7.436,7.253,7.358,9988
2022-05-12 10:00:00+00:00,7.357,7.395,7.267,7.38,5976
2022-05-12 11:00:00+00:00,7.37,7.495,7.31,7.473,8304
2022-05-12 12:00:00+00:00,7.47,7.49,7.349,7.396,6929
2022-05-12 13:00:00+00:00,7.398,7.575,7.304,7.541,12704
2022-05-12 14:00:00+00:00,7.535,7.67,7.473,7.607,10446
2022-05-12 15:00:00+00:00,7.608,7.61,7.493,7.556,4652
2022-05-13 07:00:00+00:00,7.63,7.805,7.576,7.745,11762
2022-05-13 08:00:00+00:00,7.744,7.797,7.708,7.777,4353
2022-05-13 09:00:00+00:00,7.776,7.795,7.736,7.76,3438
2022-05-13 10:00:00+00:00,7.761,7.825,7.745,7.804,4580
2022-05-13 11:00:00+00:00,7.806,7.84,7.771,7.806,3692
2022-05-13 12:00:00+00:00,7.804,7.812,7.71,7.769,5236
2022-05-13 13:00:00+00:00,7.769,7.79,7.554,7.623,11252
2022-05-13 14:00:00+00:00,7.624,7.664,7.521,7.631,8029
2022-05-13 15:00:00+00:00,7.63,7.639,7.48,7.5,5052
2022-05-16 07:00:00+00:00,7.57,7.786,7.57,7.73,6304
2022-05-16 08:00:00+00:00,7.73,7.747,7.672,7.714,2821
2022-05-16 09:00:00+00:00,7.713,7.747,7.655,7.659,2227
2022-05-16 10:00:00+00:00,7.659,7.734,7.657,7.6850000000000005,3215
2022-05-16 11:00:00+00:00,7.686,7.73,7.6,7.71,5408
2022-05-16 12:00:00+00:00,7.708,7.791,7.686,7.748,4809
2022-05-16 13:00:00+00:00,7.747,7.908,7.715,7.898,10564
2022-05-16 14:00:00+00:00,7.899,7.91,7.8149999999999995,7.82,4466
2022-05-16 15:00:00+00:00,7.821,7.827,7.75,7.767,4524
2022-05-17 07:00:00+00:00,7.832,7.948,7.832,7.91,4880
2022-05-17 08:00:00+00:00,7.91,7.995,7.91,7.965,5785
2022-05-17 09:00:00+00:00,7.965,7.978,7.894,7.976,4938
2022-05-17 10:00:00+00:00,7.976,8.029,7.937,8.017,5828
2022-05-17 11:00:00+00:00,8.018,8.069,8.006,8.016,4324
2022-05-17 12:00:00+00:00,8.016,8.087,8.01,8.034,5191
2022-05-17 13:00:00+00:00,8.034,8.097,8.003,8.047,4659
2022-05-17 14:00:00+00:00,8.046,8.1,8.025,8.07,4585
2022-05-17 15:00:00+00:00,8.07,8.075,8.009,8.03,4961
2022-05-18 07:00:00+00:00,7.991,8.098,7.943,8.067,7090
2022-05-18 08:00:00+00:00,8.069,8.13,8.056,8.078,3954
2022-05-18 09:00:00+00:00,8.081,8.117,8.064,8.065,2881
2022-05-18 10:00:00+00:00,8.064,8.135,8.059,8.132,3376
2022-05-18 11:00:00+00:00,8.132,8.214,8.132,8.196,6944
2022-05-18 12:00:00+00:00,8.198,8.31,8.191,8.266,7178
2022-05-18 13:00:00+00:00,8.266,8.308,8.13,8.169,7422
2022-05-18 14:00:00+00:00,8.166,8.198,8.085,8.122,8090
2022-05-18 15:00:00+00:00,8.12,8.132,8.053,8.073,3334
2022-05-19 07:00:00+00:00,8.06,8.192,7.965,8.022,6885
2022-05-19 08:00:00+00:00,8.022,8.03,7.922,7.922,4484
2022-05-19 09:00:00+00:00,7.929,7.945,7.8149999999999995,7.899,7956
2022-05-19 10:00:00+00:00,7.894,8.135,7.8629999999999995,8.105,11933
2022-05-19 11:00:00+00:00,8.106,8.132,8.002,8.01,7766
2022-05-19 12:00:00+00:00,8.001,8.108,7.97,8.036,7964
2022-05-19 13:00:00+00:00,8.034,8.178,8.018,8.115,7686
2022-05-19 14:00:00+00:00,8.115,8.27,8.05,8.244,9728
2022-05-19 15:00:00+00:00,8.244,8.297,8.231,8.269,6175
2022-05-20 07:00:00+00:00,8.18,8.18,7.91,8.095,10191
2022-05-20 08:00:00+00:00,8.094,8.145,8.027,8.058,5589
2022-05-20 09:00:00+00:00,8.06,8.071,7.954,8.053,5884
2022-05-20 10:00:00+00:00,8.049,8.07,7.882,7.955,6133
2022-05-20 11:00:00+00:00,7.952,8.034,7.861,7.897,6743
2022-05-20 12:00:00+00:00,7.896,7.99,7.868,7.987,6213
2022-05-20 13:00:00+00:00,7.987,8.095,7.896,8.029,7489
2022-05-20 14:00:00+00:00,8.029,8.119,8.005,8.074,5172
2022-05-20 15:00:00+00:00,8.075,8.095,8.03,8.044,3473
2022-05-23 07:00:00+00:00,8.067,8.111,8.046,8.1,2733
2022-05-23 08:00:00+00:00,8.1,8.168,8.094,8.104,4692
2022-05-23 09:00:00+00:00,8.101,8.148,7.9719999999999995,8.005,5151
2022-05-23 10:00:00+00:00,8.003,8.014,7.932,7.955,3550
2022-05-23 11:00:00+00:00,7.96,8.007,7.878,7.893,5424
2022-05-23 12:00:00+00:00,7.895,7.9879999999999995,7.885,7.907,3260
2022-05-23 13:00:00+00:00,7.907,8.154,7.9,8.13,8554
2022-05-23 14:00:00+00:00,8.134,8.39,8.089,8.358,12357
2022-05-23 15:00:00+00:00,8.356,8.358,8.24,8.295,8031
2022-05-24 07:00:00+00:00,8.382,8.701,8.382,8.588,6368
2022-05-24 08:00:00+00:00,8.587,8.689,8.587,8.645,3787
2022-05-24 09:00:00+00:00,8.645,8.665,8.507,8.52,6067
2022-05-24 10:00:00+00:00,8.52,8.65,8.5,8.621,5735
2022-05-24 11:00:00+00:00,8.62,8.642,8.463,8.489,7459
2022-05-24 12:00:00+00:00,8.489,8.613,8.453,8.584,6511
2022-05-24 13:00:00+00:00,8.584,8.59,8.475999999999999,8.566,5734
2022-05-24 14:00:00+00:00,8.568999999999999,8.698,8.514,8.669,5891
2022-05-24 15:00:00+00:00,8.665,8.745,8.62,8.725,5055
2022-05-25 07:00:00+00:00,8.759,8.821,8.71,8.764,3134
2022-05-25 08:00:00+00:00,8.761,8.78,8.711,8.767,1868
2022-05-25 09:00:00+00:00,8.773,8.8,8.723,8.786,1708
2022-05-25 10:00:00+00:00,8.793,8.848,8.78,8.818,2853
2022-05-25 11:00:00+00:00,8.829,8.918,8.824,8.861,3673
2022-05-25 12:00:00+00:00,8.861,9.129,8.861,9.085,8502
2022-05-25 13:00:00+00:00,9.077,9.197,9.013,9.149,6807
2022-05-25 14:00:00+00:00,9.147,9.182,9.071,9.081,4776
2022-05-25 15:00:00+00:00,9.08,9.229,9.04,9.175,5167
