time,open,high,low,close,volume,prev_close,tr,max_20_donchian,min_20_donchian,max_10_donchian,min_10_donchian
2024-02-15 00:00:00+00:00,3245.50000000,3269.00000000,3240.00000000,3267.00000000,4386,,29.00000000,,,,
2024-02-16 00:00:00+00:00,3265.50000000,3278.50000000,3240.00000000,3246.00000000,9899,3267.00000000,38.50000000,,,,
2024-02-19 00:00:00+00:00,3245.50000000,3257.50000000,3235.00000000,3244.00000000,5409,3246.00000000,22.50000000,,,,
2024-02-20 00:00:00+00:00,3242.00000000,3245.00000000,3171.00000000,3174.50000000,14180,3244.00000000,74.00000000,,,,
2024-02-21 00:00:00+00:00,3178.50000000,3192.00000000,3112.50000000,3151.50000000,23796,3174.50000000,79.50000000,,,,
2024-02-22 00:00:00+00:00,3157.00000000,3172.00000000,3146.50000000,3161.00000000,7512,3151.50000000,25.50000000,,,,
2024-02-26 00:00:00+00:00,3175.50000000,3222.00000000,3175.00000000,3222.00000000,10628,3161.00000000,61.00000000,,,,
2024-02-27 00:00:00+00:00,3222.00000000,3227.50000000,3206.00000000,3216.00000000,4065,3222.00000000,21.50000000,,,,
2024-02-28 00:00:00+00:00,3216.50000000,3241.50000000,3215.00000000,3229.00000000,5943,3216.00000000,26.50000000,,,,
2024-02-29 00:00:00+00:00,3230.50000000,3263.00000000,3227.50000000,3262.00000000,8002,3229.00000000,35.50000000,,,3278.5,3112.5
2024-03-01 00:00:00+00:00,3263.00000000,3275.00000000,3253.50000000,3274.00000000,5226,3262.00000000,21.50000000,,,3278.5,3112.5
2024-03-04 00:00:00+00:00,3276.00000000,3306.50000000,3275.00000000,3304.00000000,6660,3274.00000000,32.50000000,,,3306.5,3112.5
2024-03-05 00:00:00+00:00,3304.00000000,3318.00000000,3288.50000000,3298.00000000,9111,3304.00000000,29.50000000,,,3318.0,3112.5
2024-03-06 00:00:00+00:00,3299.00000000,3319.50000000,3294.00000000,3312.00000000,6567,3298.00000000,25.50000000,,,3319.5,3112.5
2024-03-07 00:00:00+00:00,3311.00000000,3325.00000000,3306.00000000,3325.00000000,7082,3312.00000000,19.00000000,,,3325.0,3146.5
2024-03-11 00:00:00+00:00,3325.00000000,3342.00000000,3317.50000000,3326.50000000,6335,3325.00000000,24.50000000,,,3342.0,3175.0
2024-03-12 00:00:00+00:00,3327.00000000,3341.00000000,3305.50000000,3337.50000000,7132,3326.50000000,35.50000000,,,3342.0,3206.0
2024-03-13 00:00:00+00:00,3339.00000000,3348.50000000,3320.00000000,3320.50000000,5896,3337.50000000,28.50000000,,,3348.5,3215.0
2024-03-14 00:00:00+00:00,3320.00000000,3323.00000000,3291.00000000,3300.00000000,11172,3320.50000000,32.00000000,,,3348.5,3227.5
2024-03-15 00:00:00+00:00,3299.00000000,3318.50000000,3296.00000000,3306.50000000,8699,3300.00000000,22.50000000,3348.5,3112.5,3348.5,3253.5
2024-03-18 00:00:00+00:00,3308.00000000,3368.00000000,3297.00000000,3300.50000000,9121,3306.50000000,71.00000000,3368.0,3112.5,3368.0,3275.0
2024-03-19 00:00:00+00:00,3299.00000000,3307.50000000,3256.00000000,3268.50000000,15655,3300.50000000,51.50000000,3368.0,3112.5,3368.0,3256.0
2024-03-20 00:00:00+00:00,3269.00000000,3290.00000000,3265.00000000,3281.50000000,8162,3268.50000000,25.00000000,3368.0,3112.5,3368.0,3256.0
2024-03-21 00:00:00+00:00,3284.00000000,3304.00000000,3262.50000000,3288.50000000,14841,3281.50000000,41.50000000,3368.0,3112.5,3368.0,3256.0
2024-03-22 00:00:00+00:00,3290.00000000,3303.00000000,3227.50000000,3246.00000000,27879,3288.50000000,75.50000000,3368.0,3146.5,3368.0,3227.5
2024-03-25 00:00:00+00:00,3258.00000000,3288.00000000,3228.00000000,3288.00000000,16865,3246.00000000,60.00000000,3368.0,3175.0,3368.0,3227.5
2024-03-26 00:00:00+00:00,3288.50000000,3292.50000000,3276.00000000,3291.50000000,5587,3288.00000000,16.50000000,3368.0,3206.0,3368.0,3227.5
2024-03-27 00:00:00+00:00,3292.50000000,3317.00000000,3281.50000000,3311.50000000,5336,3291.50000000,35.50000000,3368.0,3215.0,3368.0,3227.5
2024-03-28 00:00:00+00:00,3311.50000000,3317.00000000,3304.00000000,3313.00000000,4138,3311.50000000,13.00000000,3368.0,3227.5,3368.0,3227.5
2024-03-29 00:00:00+00:00,3313.00000000,3337.50000000,3309.00000000,3334.50000000,6311,3313.00000000,28.50000000,3368.0,3227.5,3368.0,3227.5
2024-04-01 00:00:00+00:00,3337.00000000,3375.50000000,3336.00000000,3370.00000000,8808,3334.50000000,41.00000000,3375.5,3227.5,3375.5,3227.5
2024-04-02 00:00:00+00:00,3370.00000000,3380.00000000,3360.00000000,3380.00000000,6980,3370.00000000,20.00000000,3380.0,3227.5,3380.0,3227.5
2024-04-03 00:00:00+00:00,3383.00000000,3399.50000000,3374.50000000,3396.50000000,5843,3380.00000000,25.00000000,3399.5,3227.5,3399.5,3227.5
2024-04-04 00:00:00+00:00,3396.50000000,3413.00000000,3394.00000000,3400.00000000,9126,3396.50000000,19.00000000,3413.0,3227.5,3413.0,3227.5
2024-04-05 00:00:00+00:00,3398.50000000,3406.00000000,3388.00000000,3400.00000000,6196,3400.00000000,18.00000000,3413.0,3227.5,3413.0,3228.0
2024-04-08 00:00:00+00:00,3404.00000000,3429.00000000,3400.00000000,3419.50000000,7784,3400.00000000,29.00000000,3429.0,3227.5,3429.0,3276.0
2024-04-09 00:00:00+00:00,3423.00000000,3442.50000000,3412.50000000,3420.50000000,10355,3419.50000000,30.00000000,3442.5,3227.5,3442.5,3281.5
2024-04-10 00:00:00+00:00,3420.50000000,3449.50000000,3407.00000000,3442.50000000,8820,3420.50000000,42.50000000,3449.5,3227.5,3449.5,3304.0
2024-04-11 00:00:00+00:00,3440.50000000,3459.50000000,3436.00000000,3446.50000000,6615,3442.50000000,23.50000000,3459.5,3227.5,3459.5,3309.0
2024-04-12 00:00:00+00:00,3446.50000000,3469.00000000,3445.00000000,3460.50000000,8978,3446.50000000,24.00000000,3469.0,3227.5,3469.0,3336.0
2024-04-15 00:00:00+00:00,3463.50000000,3480.00000000,3456.50000000,3478.00000000,7728,3460.50000000,23.50000000,3480.0,3227.5,3480.0,3360.0
2024-04-16 00:00:00+00:00,3476.00000000,3483.00000000,3461.50000000,3467.50000000,7169,3478.00000000,21.50000000,3483.0,3227.5,3483.0,3374.5
2024-04-17 00:00:00+00:00,3471.00000000,3478.00000000,3444.00000000,3451.00000000,11367,3467.50000000,34.00000000,3483.0,3227.5,3483.0,3388.0
2024-04-18 00:00:00+00:00,3451.00000000,3465.00000000,3440.00000000,3462.00000000,6935,3451.00000000,25.00000000,3483.0,3227.5,3483.0,3388.0
2024-04-19 00:00:00+00:00,3462.00000000,3480.50000000,3453.50000000,3473.00000000,7325,3462.00000000,27.00000000,3483.0,3228.0,3483.0,3400.0
2024-04-22 00:00:00+00:00,3472.00000000,3481.50000000,3465.00000000,3480.50000000,7654,3473.00000000,16.50000000,3483.0,3276.0,3483.0,3407.0
2024-04-23 00:00:00+00:00,3480.00000000,3493.00000000,3433.00000000,3442.00000000,16877,3480.50000000,60.00000000,3493.0,3281.5,3493.0,3407.0
2024-04-24 00:00:00+00:00,3438.50000000,3450.00000000,3423.50000000,3434.00000000,15931,3442.00000000,26.50000000,3493.0,3304.0,3493.0,3423.5
2024-04-25 00:00:00+00:00,3434.50000000,3451.50000000,3428.50000000,3450.00000000,11654,3434.00000000,23.00000000,3493.0,3309.0,3493.0,3423.5
2024-04-26 00:00:00+00:00,3450.00000000,3470.00000000,3441.50000000,3457.50000000,12249,3450.00000000,28.50000000,3493.0,3336.0,3493.0,3423.5
2024-04-27 00:00:00+00:00,3465.00000000,3480.00000000,3454.50000000,3479.50000000,7345,3457.50000000,25.50000000,3493.0,3360.0,3493.0,3423.5
2024-04-29 00:00:00+00:00,3480.00000000,3494.50000000,3465.00000000,3481.00000000,7917,3479.50000000,29.50000000,3494.5,3374.5,3494.5,3423.5
2024-04-30 00:00:00+00:00,3484.00000000,3486.50000000,3466.50000000,3468.50000000,4178,3481.00000000,20.00000000,3494.5,3388.0,3494.5,3423.5
2024-05-02 00:00:00+00:00,3469.50000000,3481.50000000,3435.50000000,3447.00000000,14392,3468.50000000,46.00000000,3494.5,3388.0,3494.5,3423.5
2024-05-03 00:00:00+00:00,3447.00000000,3454.00000000,3430.00000000,3446.50000000,9661,3447.00000000,24.00000000,3494.5,3400.0,3494.5,3423.5
2024-05-06 00:00:00+00:00,3447.00000000,3450.00000000,3418.50000000,3435.50000000,20780,3446.50000000,31.50000000,3494.5,3407.0,3494.5,3418.5
2024-05-07 00:00:00+00:00,3420.50000000,3438.50000000,3411.00000000,3438.50000000,14413,3435.50000000,27.50000000,3494.5,3407.0,3494.5,3411.0
2024-05-08 00:00:00+00:00,3440.00000000,3446.00000000,3433.00000000,3439.50000000,9499,3438.50000000,13.00000000,3494.5,3411.0,3494.5,3411.0
2024-05-10 00:00:00+00:00,3439.00000000,3459.00000000,3439.00000000,3458.00000000,4885,3439.50000000,20.00000000,3494.5,3411.0,3494.5,3411.0
2024-05-13 00:00:00+00:00,3460.50000000,3472.50000000,3450.50000000,3464.00000000,6236,3458.00000000,22.00000000,3494.5,3411.0,3494.5,3411.0
2024-05-14 00:00:00+00:00,3464.00000000,3474.00000000,3460.00000000,3472.00000000,6372,3464.00000000,14.00000000,3494.5,3411.0,3494.5,3411.0
2024-05-15 00:00:00+00:00,3471.00000000,3484.50000000,3462.50000000,3484.00000000,8832,3472.00000000,22.00000000,3494.5,3411.0,3486.5,3411.0
2024-05-16 00:00:00+00:00,3483.50000000,3494.00000000,3480.00000000,3493.00000000,5991,3484.00000000,14.00000000,3494.5,3411.0,3494.0,3411.0
2024-05-17 00:00:00+00:00,3493.50000000,3512.00000000,3489.00000000,3510.50000000,8510,3493.00000000,23.00000000,3512.0,3411.0,3512.0,3411.0
2024-05-20 00:00:00+00:00,3514.50000000,3523.50000000,3444.00000000,3458.00000000,20213,3510.50000000,79.50000000,3523.5,3411.0,3523.5,3411.0
2024-05-21 00:00:00+00:00,3457.00000000,3464.50000000,3410.00000000,3441.00000000,24636,3458.00000000,54.50000000,3523.5,3410.0,3523.5,3410.0
2024-05-22 00:00:00+00:00,3442.00000000,3452.50000000,3436.50000000,3442.00000000,7245,3441.00000000,16.00000000,3523.5,3410.0,3523.5,3410.0
2024-05-23 00:00:00+00:00,3442.00000000,3450.50000000,3412.00000000,3440.00000000,11925,3442.00000000,38.50000000,3523.5,3410.0,3523.5,3410.0
2024-05-24 00:00:00+00:00,3438.00000000,3446.00000000,3381.00000000,3397.50000000,23535,3440.00000000,65.00000000,3523.5,3381.0,3523.5,3381.0
2024-05-27 00:00:00+00:00,3395.00000000,3397.50000000,3294.50000000,3305.00000000,30805,3397.50000000,103.00000000,3523.5,3294.5,3523.5,3294.5
2024-05-28 00:00:00+00:00,3310.00000000,3352.50000000,3282.50000000,3310.50000000,17780,3305.00000000,70.00000000,3523.5,3282.5,3523.5,3282.5
2024-05-29 00:00:00+00:00,3315.00000000,3337.00000000,3286.00000000,3337.00000000,18527,3310.50000000,51.00000000,3523.5,3282.5,3523.5,3282.5
2024-05-30 00:00:00+00:00,3331.00000000,3350.00000000,3254.50000000,3260.00000000,24822,3337.00000000,95.50000000,3523.5,3254.5,3523.5,3254.5
2024-05-31 00:00:00+00:00,3262.50000000,3279.00000000,3182.50000000,3205.00000000,41369,3260.00000000,96.50000000,3523.5,3182.5,3523.5,3182.5
2024-06-03 00:00:00+00:00,3204.00000000,3229.00000000,3091.50000000,3165.50000000,53098,3205.00000000,137.50000000,3523.5,3091.5,3464.5,3091.5
2024-06-04 00:00:00+00:00,3157.00000000,3217.50000000,3137.00000000,3216.50000000,31369,3165.50000000,80.50000000,3523.5,3091.5,3452.5,3091.5
2024-06-05 00:00:00+00:00,3217.00000000,3241.00000000,3191.50000000,3198.00000000,30699,3216.50000000,49.50000000,3523.5,3091.5,3450.5,3091.5
2024-06-06 00:00:00+00:00,3192.50000000,3221.50000000,3181.00000000,3200.50000000,18181,3198.00000000,40.50000000,3523.5,3091.5,3446.0,3091.5
2024-06-07 00:00:00+00:00,3199.00000000,3290.00000000,3190.00000000,3238.00000000,41739,3200.50000000,100.00000000,3523.5,3091.5,3397.5,3091.5
2024-06-10 00:00:00+00:00,3240.00000000,3258.00000000,3155.50000000,3177.50000000,45175,3238.00000000,102.50000000,3523.5,3091.5,3352.5,3091.5
2024-06-11 00:00:00+00:00,3175.00000000,3196.00000000,3151.50000000,3181.00000000,21659,3177.50000000,44.50000000,3523.5,3091.5,3350.0,3091.5
2024-06-13 00:00:00+00:00,3100.00000000,3184.00000000,3007.00000000,3175.50000000,47580,3181.00000000,177.00000000,3523.5,3007.0,3350.0,3007.0
2024-06-14 00:00:00+00:00,3178.50000000,3225.00000000,3162.50000000,3217.00000000,29728,3175.50000000,62.50000000,3523.5,3007.0,3290.0,3007.0
2024-06-17 00:00:00+00:00,3221.00000000,3227.00000000,3175.00000000,3179.00000000,27917,3217.00000000,52.00000000,3523.5,3007.0,3290.0,3007.0
2024-06-18 00:00:00+00:00,3177.50000000,3179.00000000,3093.00000000,3105.00000000,50205,3179.00000000,86.00000000,3464.5,3007.0,3290.0,3007.0
2024-06-19 00:00:00+00:00,3107.50000000,3112.00000000,3019.00000000,3046.00000000,51016,3105.00000000,93.00000000,3452.5,3007.0,3290.0,3007.0
2024-06-20 00:00:00+00:00,3045.00000000,3149.50000000,3000.50000000,3147.50000000,88368,3046.00000000,149.00000000,3450.5,3000.5,3290.0,3000.5
2024-06-21 00:00:00+00:00,3150.00000000,3180.00000000,3100.00000000,3113.00000000,34505,3147.50000000,80.00000000,3446.0,3000.5,3290.0,3000.5
2024-06-24 00:00:00+00:00,3113.00000000,3135.50000000,3088.00000000,3095.00000000,24353,3113.00000000,47.50000000,3397.5,3000.5,3258.0,3000.5
2024-06-25 00:00:00+00:00,3095.00000000,3141.50000000,3081.50000000,3136.50000000,19912,3095.00000000,60.00000000,3352.5,3000.5,3227.0,3000.5
2024-06-26 00:00:00+00:00,3149.00000000,3168.50000000,3132.50000000,3157.00000000,19274,3136.50000000,36.00000000,3350.0,3000.5,3227.0,3000.5
2024-06-27 00:00:00+00:00,3166.00000000,3169.50000000,3127.50000000,3149.00000000,20845,3157.00000000,42.00000000,3350.0,3000.5,3227.0,3000.5
2024-06-28 00:00:00+00:00,3150.50000000,3172.00000000,3145.50000000,3164.50000000,13618,3149.00000000,26.50000000,3290.0,3000.5,3227.0,3000.5
2024-07-01 00:00:00+00:00,3166.00000000,3199.50000000,3158.50000000,3195.00000000,16606,3164.50000000,41.00000000,3290.0,3000.5,3199.5,3000.5
2024-07-02 00:00:00+00:00,3195.00000000,3224.00000000,3191.50000000,3216.00000000,15884,3195.00000000,32.50000000,3290.0,3000.5,3224.0,3000.5
2024-07-03 00:00:00+00:00,3218.00000000,3231.50000000,3181.00000000,3185.00000000,32013,3216.00000000,50.50000000,3290.0,3000.5,3231.5,3000.5
2024-07-04 00:00:00+00:00,3186.50000000,3202.50000000,3127.50000000,3129.00000000,33321,3185.00000000,75.00000000,3290.0,3000.5,3231.5,3081.5
2024-07-05 00:00:00+00:00,3131.50000000,3164.50000000,3106.50000000,3154.50000000,32219,3129.00000000,58.00000000,3290.0,3000.5,3231.5,3081.5
2024-07-08 00:00:00+00:00,3151.00000000,3179.50000000,3125.50000000,3139.00000000,34825,3154.50000000,54.00000000,3258.0,3000.5,3231.5,3081.5
2024-07-09 00:00:00+00:00,3130.00000000,3130.00000000,3046.00000000,3046.00000000,45920,3139.00000000,93.00000000,3231.5,3000.5,3231.5,3046.0
2024-07-10 00:00:00+00:00,3035.50000000,3062.50000000,2933.00000000,2933.00000000,60506,3046.00000000,129.50000000,3231.5,2933.0,3231.5,2933.0
2024-07-11 00:00:00+00:00,2915.00000000,3020.50000000,2910.00000000,3011.50000000,104802,2933.00000000,110.50000000,3231.5,2910.0,3231.5,2910.0
2024-07-12 00:00:00+00:00,3012.00000000,3026.50000000,2959.00000000,2991.00000000,46584,3011.50000000,67.50000000,3231.5,2910.0,3231.5,2910.0
2024-07-15 00:00:00+00:00,2985.50000000,3000.00000000,2912.50000000,2923.00000000,49382,2991.00000000,87.50000000,3231.5,2910.0,3231.5,2910.0
2024-07-16 00:00:00+00:00,2925.00000000,2973.50000000,2880.50000000,2965.00000000,87200,2923.00000000,93.00000000,3231.5,2880.5,3231.5,2880.5
2024-07-17 00:00:00+00:00,2965.00000000,2990.00000000,2941.50000000,2950.50000000,58968,2965.00000000,48.50000000,3231.5,2880.5,3202.5,2880.5
2024-07-18 00:00:00+00:00,2940.00000000,2999.00000000,2915.00000000,2997.00000000,51981,2950.50000000,84.00000000,3231.5,2880.5,3179.5,2880.5
2024-07-19 00:00:00+00:00,2998.00000000,3029.00000000,2976.50000000,3009.00000000,38839,2997.00000000,52.50000000,3231.5,2880.5,3179.5,2880.5
2024-07-22 00:00:00+00:00,3020.00000000,3060.00000000,3014.00000000,3036.00000000,42124,3009.00000000,51.00000000,3231.5,2880.5,3130.0,2880.5
2024-07-23 00:00:00+00:00,3034.50000000,3039.50000000,3008.00000000,3034.50000000,28757,3036.00000000,31.50000000,3231.5,2880.5,3062.5,2880.5
2024-07-24 00:00:00+00:00,3040.00000000,3090.00000000,3020.00000000,3043.50000000,23318,3034.50000000,70.00000000,3231.5,2880.5,3090.0,2880.5
2024-07-25 00:00:00+00:00,3043.00000000,3050.50000000,3023.50000000,3035.00000000,38957,3043.50000000,27.00000000,3231.5,2880.5,3090.0,2880.5
2024-07-26 00:00:00+00:00,3051.50000000,3067.00000000,2975.00000000,2987.50000000,102340,3035.00000000,92.00000000,3231.5,2880.5,3090.0,2880.5
2024-07-29 00:00:00+00:00,2976.50000000,2980.00000000,2909.00000000,2915.00000000,61595,2987.50000000,78.50000000,3231.5,2880.5,3090.0,2880.5
2024-07-30 00:00:00+00:00,2914.50000000,2959.50000000,2899.50000000,2955.00000000,51103,2915.00000000,60.00000000,3231.5,2880.5,3090.0,2899.5
2024-07-31 00:00:00+00:00,2957.00000000,2968.50000000,2929.00000000,2960.00000000,41824,2955.00000000,39.50000000,3202.5,2880.5,3090.0,2899.5
2024-08-01 00:00:00+00:00,2960.00000000,2972.00000000,2922.50000000,2925.00000000,33929,2960.00000000,49.50000000,3179.5,2880.5,3090.0,2899.5
2024-08-02 00:00:00+00:00,2925.00000000,2936.50000000,2890.00000000,2902.00000000,50227,2925.00000000,46.50000000,3179.5,2880.5,3090.0,2890.0
2024-08-05 00:00:00+00:00,2886.00000000,2886.00000000,2812.00000000,2822.00000000,75179,2902.00000000,90.00000000,3130.0,2812.0,3090.0,2812.0
2024-08-06 00:00:00+00:00,2840.00000000,2868.50000000,2817.50000000,2841.50000000,56402,2822.00000000,51.00000000,3090.0,2812.0,3090.0,2812.0
2024-08-07 00:00:00+00:00,2841.50000000,2889.50000000,2805.50000000,2873.00000000,84977,2841.50000000,84.00000000,3090.0,2805.5,3067.0,2805.5
2024-08-08 00:00:00+00:00,2874.50000000,2892.50000000,2835.00000000,2842.50000000,50820,2873.00000000,57.50000000,3090.0,2805.5,3067.0,2805.5
2024-08-09 00:00:00+00:00,2842.00000000,2872.50000000,2832.50000000,2852.00000000,41138,2842.50000000,40.00000000,3090.0,2805.5,2980.0,2805.5
2024-08-12 00:00:00+00:00,2836.50000000,2865.00000000,2818.00000000,2863.00000000,42554,2852.00000000,47.00000000,3090.0,2805.5,2972.0,2805.5
2024-08-13 00:00:00+00:00,2865.00000000,2898.50000000,2863.00000000,2895.00000000,41819,2863.00000000,35.50000000,3090.0,2805.5,2972.0,2805.5
2024-08-14 00:00:00+00:00,2896.50000000,2914.00000000,2860.00000000,2863.00000000,61973,2895.00000000,54.00000000,3090.0,2805.5,2972.0,2805.5
2024-08-15 00:00:00+00:00,2867.00000000,2874.50000000,2837.50000000,2840.00000000,46507,2863.00000000,37.00000000,3090.0,2805.5,2936.5,2805.5
2024-08-16 00:00:00+00:00,2841.50000000,2852.00000000,2810.00000000,2811.50000000,45452,2840.00000000,42.00000000,3090.0,2805.5,2914.0,2805.5
2024-08-19 00:00:00+00:00,2820.00000000,2831.00000000,2768.50000000,2781.50000000,72367,2811.50000000,62.50000000,3090.0,2768.5,2914.0,2768.5
2024-08-20 00:00:00+00:00,2780.00000000,2804.00000000,2755.50000000,2774.00000000,74629,2781.50000000,48.50000000,3090.0,2755.5,2914.0,2755.5
2024-08-21 00:00:00+00:00,2773.50000000,2787.50000000,2749.50000000,2779.00000000,69755,2774.00000000,38.00000000,3067.0,2749.5,2914.0,2749.5
2024-08-22 00:00:00+00:00,2780.00000000,2790.50000000,2712.00000000,2726.00000000,93213,2779.00000000,78.50000000,3067.0,2712.0,2914.0,2712.0
2024-08-23 00:00:00+00:00,2727.00000000,2732.50000000,2656.50000000,2693.00000000,119166,2726.00000000,76.00000000,2980.0,2656.5,2914.0,2656.5
2024-08-26 00:00:00+00:00,2725.50000000,2798.50000000,2725.50000000,2789.50000000,139226,2693.00000000,105.50000000,2972.0,2656.5,2914.0,2656.5
2024-08-27 00:00:00+00:00,2790.00000000,2805.50000000,2725.50000000,2738.00000000,111813,2789.50000000,80.00000000,2972.0,2656.5,2914.0,2656.5
2024-08-28 00:00:00+00:00,2737.50000000,2737.50000000,2670.00000000,2717.00000000,132824,2738.00000000,68.00000000,2972.0,2656.5,2874.5,2656.5
2024-08-29 00:00:00+00:00,2715.50000000,2735.00000000,2682.00000000,2725.50000000,118548,2717.00000000,53.00000000,2936.5,2656.5,2852.0,2656.5
2024-08-30 00:00:00+00:00,2728.00000000,2730.00000000,2624.00000000,2638.00000000,164441,2725.50000000,106.00000000,2914.0,2624.0,2831.0,2624.0
2024-09-02 00:00:00+00:00,2619.00000000,2631.50000000,2521.50000000,2547.00000000,223326,2638.00000000,116.50000000,2914.0,2521.5,2805.5,2521.5
2024-09-03 00:00:00+00:00,2547.00000000,2607.00000000,2516.50000000,2547.00000000,234560,2547.00000000,90.50000000,2914.0,2516.5,2805.5,2516.5
2024-09-04 00:00:00+00:00,2547.50000000,2627.50000000,2538.50000000,2626.00000000,170518,2547.00000000,89.00000000,2914.0,2516.5,2805.5,2516.5
2024-09-05 00:00:00+00:00,2631.50000000,2663.00000000,2610.00000000,2620.00000000,144859,2626.00000000,53.00000000,2914.0,2516.5,2805.5,2516.5
2024-09-06 00:00:00+00:00,2618.00000000,2651.00000000,2606.50000000,2643.50000000,134307,2620.00000000,44.50000000,2914.0,2516.5,2805.5,2516.5
2024-09-09 00:00:00+00:00,2646.50000000,2725.50000000,2646.50000000,2723.50000000,187721,2643.50000000,82.00000000,2914.0,2516.5,2805.5,2516.5
2024-09-10 00:00:00+00:00,2725.00000000,2734.00000000,2662.00000000,2684.50000000,162139,2723.50000000,72.00000000,2914.0,2516.5,2737.5,2516.5
2024-09-11 00:00:00+00:00,2680.00000000,2693.50000000,2634.00000000,2644.00000000,115741,2684.50000000,59.50000000,2874.5,2516.5,2735.0,2516.5
2024-09-12 00:00:00+00:00,2640.00000000,2650.50000000,2608.00000000,2634.50000000,129788,2644.00000000,42.50000000,2852.0,2516.5,2734.0,2516.5
2024-09-13 00:00:00+00:00,2634.00000000,2744.50000000,2584.50000000,2689.00000000,285603,2634.50000000,160.00000000,2831.0,2516.5,2744.5,2516.5
2024-09-16 00:00:00+00:00,2697.00000000,2758.00000000,2686.00000000,2753.00000000,190493,2689.00000000,72.00000000,2805.5,2516.5,2758.0,2516.5
2024-09-17 00:00:00+00:00,2757.50000000,2787.00000000,2730.00000000,2782.00000000,153300,2753.00000000,57.00000000,2805.5,2516.5,2787.0,2538.5
2024-09-18 00:00:00+00:00,2782.00000000,2786.50000000,2745.00000000,2749.00000000,136720,2782.00000000,41.50000000,2805.5,2516.5,2787.0,2584.5
2024-09-19 00:00:00+00:00,2749.00000000,2782.00000000,2739.50000000,2767.00000000,111982,2749.00000000,42.50000000,2805.5,2516.5,2787.0,2584.5
2024-09-20 00:00:00+00:00,2766.00000000,2797.50000000,2763.00000000,2797.00000000,89737,2767.00000000,34.50000000,2805.5,2516.5,2797.5,2584.5
2024-09-23 00:00:00+00:00,2798.00000000,2848.00000000,2798.00000000,2846.00000000,138278,2797.00000000,51.00000000,2848.0,2516.5,2848.0,2584.5
2024-09-24 00:00:00+00:00,2849.00000000,2886.50000000,2825.00000000,2877.50000000,147464,2846.00000000,61.50000000,2886.5,2516.5,2886.5,2584.5
2024-09-25 00:00:00+00:00,2878.00000000,2892.00000000,2823.00000000,2832.00000000,141270,2877.50000000,69.00000000,2892.0,2516.5,2892.0,2584.5
2024-09-26 00:00:00+00:00,2825.00000000,2850.00000000,2811.00000000,2842.00000000,140960,2832.00000000,39.00000000,2892.0,2516.5,2892.0,2584.5
2024-09-27 00:00:00+00:00,2842.50000000,2867.50000000,2831.00000000,2856.00000000,74689,2842.00000000,36.50000000,2892.0,2516.5,2892.0,2686.0
2024-09-30 00:00:00+00:00,2860.00000000,2893.50000000,2830.50000000,2832.00000000,125453,2856.00000000,63.00000000,2893.5,2516.5,2893.5,2730.0
2024-10-01 00:00:00+00:00,2837.00000000,2841.00000000,2794.00000000,2822.50000000,139628,2832.00000000,47.00000000,2893.5,2538.5,2893.5,2739.5
2024-10-02 00:00:00+00:00,2816.00000000,2840.00000000,2756.50000000,2771.50000000,127211,2822.50000000,83.50000000,2893.5,2584.5,2893.5,2739.5
2024-10-03 00:00:00+00:00,2761.00000000,2807.50000000,2744.00000000,2801.50000000,169723,2771.50000000,63.50000000,2893.5,2584.5,2893.5,2744.0
2024-10-04 00:00:00+00:00,2807.00000000,2820.00000000,2792.00000000,2806.00000000,91884,2801.50000000,28.00000000,2893.5,2584.5,2893.5,2744.0
2024-10-07 00:00:00+00:00,2806.00000000,2818.00000000,2780.50000000,2810.00000000,101581,2806.00000000,37.50000000,2893.5,2584.5,2893.5,2744.0
2024-10-08 00:00:00+00:00,2809.50000000,2809.50000000,2778.00000000,2788.50000000,102749,2810.00000000,32.00000000,2893.5,2584.5,2893.5,2744.0
2024-10-09 00:00:00+00:00,2783.00000000,2792.00000000,2751.00000000,2766.50000000,99458,2788.50000000,41.00000000,2893.5,2584.5,2893.5,2744.0
2024-10-10 00:00:00+00:00,2766.50000000,2780.00000000,2754.00000000,2766.50000000,89696,2766.50000000,26.00000000,2893.5,2584.5,2893.5,2744.0
2024-10-11 00:00:00+00:00,2766.50000000,2769.50000000,2740.50000000,2750.50000000,99302,2766.50000000,29.00000000,2893.5,2686.0,2893.5,2740.5
2024-10-14 00:00:00+00:00,2750.00000000,2789.50000000,2724.00000000,2781.00000000,162931,2750.50000000,65.50000000,2893.5,2724.0,2841.0,2724.0
2024-10-15 00:00:00+00:00,2781.00000000,2812.50000000,2767.00000000,2807.50000000,104027,2781.00000000,45.50000000,2893.5,2724.0,2840.0,2724.0
2024-10-16 00:00:00+00:00,2810.00000000,2830.00000000,2783.00000000,2797.00000000,121850,2807.50000000,47.00000000,2893.5,2724.0,2830.0,2724.0
2024-10-17 00:00:00+00:00,2791.00000000,2799.50000000,2759.00000000,2763.50000000,104353,2797.00000000,40.50000000,2893.5,2724.0,2830.0,2724.0
2024-10-18 00:00:00+00:00,2761.00000000,2773.00000000,2746.00000000,2759.00000000,90390,2763.50000000,27.00000000,2893.5,2724.0,2830.0,2724.0
2024-10-21 00:00:00+00:00,2761.50000000,2781.50000000,2761.00000000,2772.00000000,70790,2759.00000000,22.50000000,2893.5,2724.0,2830.0,2724.0
2024-10-22 00:00:00+00:00,2775.00000000,2785.50000000,2752.50000000,2755.00000000,72977,2772.00000000,33.00000000,2893.5,2724.0,2830.0,2724.0
2024-10-23 00:00:00+00:00,2751.00000000,2758.00000000,2711.50000000,2724.50000000,115403,2755.00000000,46.50000000,2893.5,2711.5,2830.0,2711.5
2024-10-24 00:00:00+00:00,2724.50000000,2733.00000000,2690.00000000,2722.50000000,164964,2724.50000000,43.00000000,2893.5,2690.0,2830.0,2690.0
2024-10-25 00:00:00+00:00,2723.00000000,2855.00000000,2656.00000000,2660.00000000,358733,2722.50000000,199.00000000,2893.5,2656.0,2855.0,2656.0
2024-10-28 00:00:00+00:00,2659.00000000,2659.00000000,2563.50000000,2583.50000000,227278,2660.00000000,96.50000000,2855.0,2563.5,2855.0,2563.5
2024-10-29 00:00:00+00:00,2583.50000000,2624.00000000,2560.00000000,2611.50000000,208410,2583.50000000,64.00000000,2855.0,2560.0,2855.0,2560.0
2024-10-30 00:00:00+00:00,2621.50000000,2634.00000000,2580.00000000,2580.00000000,178946,2611.50000000,54.00000000,2855.0,2560.0,2855.0,2560.0
2024-10-31 00:00:00+00:00,2580.00000000,2596.00000000,2546.00000000,2565.00000000,190647,2580.00000000,50.00000000,2855.0,2546.0,2855.0,2546.0
2024-11-01 00:00:00+00:00,2565.00000000,2592.50000000,2546.50000000,2588.50000000,143874,2565.00000000,46.00000000,2855.0,2546.0,2855.0,2546.0
2024-11-02 00:00:00+00:00,2592.00000000,2605.00000000,2582.50000000,2605.00000000,69208,2588.50000000,22.50000000,2855.0,2546.0,2855.0,2546.0
2024-11-05 00:00:00+00:00,2608.00000000,2629.50000000,2603.00000000,2621.50000000,97464,2605.00000000,26.50000000,2855.0,2546.0,2855.0,2546.0
2024-11-06 00:00:00+00:00,2670.00000000,2718.00000000,2651.50000000,2664.50000000,323737,2621.50000000,96.50000000,2855.0,2546.0,2855.0,2546.0
2024-11-07 00:00:00+00:00,2661.50000000,2738.50000000,2635.50000000,2738.50000000,231016,2664.50000000,103.00000000,2855.0,2546.0,2855.0,2546.0
2024-11-08 00:00:00+00:00,2744.00000000,2780.00000000,2715.00000000,2780.00000000,274318,2738.50000000,65.00000000,2855.0,2546.0,2780.0,2546.0
2024-11-11 00:00:00+00:00,2792.00000000,2803.00000000,2767.50000000,2790.50000000,212233,2780.00000000,35.50000000,2855.0,2546.0,2803.0,2546.0
2024-11-12 00:00:00+00:00,2788.00000000,2788.00000000,2743.50000000,2751.00000000,147052,2790.50000000,47.00000000,2855.0,2546.0,2803.0,2546.0
2024-11-13 00:00:00+00:00,2741.00000000,2775.50000000,2717.50000000,2720.00000000,213353,2751.00000000,58.00000000,2855.0,2546.0,2803.0,2546.0
2024-11-14 00:00:00+00:00,2720.50000000,2741.00000000,2695.00000000,2708.50000000,167483,2720.00000000,46.00000000,2855.0,2546.0,2803.0,2546.5
2024-11-15 00:00:00+00:00,2708.50000000,2755.00000000,2698.00000000,2754.50000000,182925,2708.50000000,57.00000000,2855.0,2546.0,2803.0,2582.5
2024-11-18 00:00:00+00:00,2717.50000000,2734.50000000,2681.00000000,2708.50000000,209678,2754.50000000,73.50000000,2855.0,2546.0,2803.0,2603.0
2024-11-19 00:00:00+00:00,2710.00000000,2719.00000000,2626.00000000,2641.50000000,283245,2708.50000000,93.00000000,2855.0,2546.0,2803.0,2626.0
2024-11-20 00:00:00+00:00,2643.00000000,2669.50000000,2572.50000000,2598.50000000,301448,2641.50000000,97.00000000,2855.0,2546.0,2803.0,2572.5
2024-11-21 00:00:00+00:00,2598.50000000,2630.00000000,2555.00000000,2630.00000000,343888,2598.50000000,75.00000000,2855.0,2546.0,2803.0,2555.0
2024-11-22 00:00:00+00:00,2633.00000000,2633.00000000,2580.50000000,2594.50000000,229738,2630.00000000,52.50000000,2803.0,2546.0,2803.0,2555.0
2024-11-25 00:00:00+00:00,2587.00000000,2598.00000000,2510.00000000,2518.50000000,260733,2594.50000000,88.00000000,2803.0,2510.0,2788.0,2510.0
2024-11-26 00:00:00+00:00,2518.50000000,2549.00000000,2456.50000000,2476.50000000,324199,2518.50000000,92.50000000,2803.0,2456.5,2775.5,2456.5
2024-11-27 00:00:00+00:00,2480.00000000,2545.00000000,2430.00000000,2536.50000000,507174,2476.50000000,115.00000000,2803.0,2430.0,2755.0,2430.0
2024-11-28 00:00:00+00:00,2544.00000000,2566.00000000,2503.50000000,2554.50000000,355740,2536.50000000,62.50000000,2803.0,2430.0,2755.0,2430.0
2024-11-29 00:00:00+00:00,2554.00000000,2585.00000000,2537.50000000,2577.50000000,232075,2554.50000000,47.50000000,2803.0,2430.0,2734.5,2430.0
2024-12-02 00:00:00+00:00,2585.00000000,2603.00000000,2581.50000000,2590.00000000,158203,2577.50000000,25.50000000,2803.0,2430.0,2719.0,2430.0
2024-12-03 00:00:00+00:00,2590.00000000,2592.50000000,2525.00000000,2538.00000000,244426,2590.00000000,67.50000000,2803.0,2430.0,2669.5,2430.0
2024-12-04 00:00:00+00:00,2531.00000000,2561.00000000,2460.50000000,2467.00000000,356564,2538.00000000,100.50000000,2803.0,2430.0,2633.0,2430.0
2024-12-05 00:00:00+00:00,2469.00000000,2544.00000000,2440.50000000,2538.00000000,478266,2467.00000000,103.50000000,2803.0,2430.0,2633.0,2430.0
2024-12-06 00:00:00+00:00,2543.00000000,2557.50000000,2508.50000000,2542.50000000,277619,2538.00000000,49.00000000,2803.0,2430.0,2603.0,2430.0
2024-12-09 00:00:00+00:00,2551.00000000,2591.00000000,2548.00000000,2572.00000000,207988,2542.50000000,48.50000000,2788.0,2430.0,2603.0,2430.0
2024-12-10 00:00:00+00:00,2571.50000000,2573.00000000,2518.00000000,2520.00000000,289770,2572.00000000,55.00000000,2775.5,2430.0,2603.0,2430.0
2024-12-11 00:00:00+00:00,2518.00000000,2547.00000000,2500.00000000,2538.50000000,300879,2520.00000000,47.00000000,2755.0,2430.0,2603.0,2440.5
2024-12-12 00:00:00+00:00,2538.00000000,2552.50000000,2490.50000000,2497.00000000,300082,2538.50000000,62.00000000,2755.0,2430.0,2603.0,2440.5
2024-12-13 00:00:00+00:00,2490.00000000,2493.50000000,2471.00000000,2480.00000000,235588,2497.00000000,26.00000000,2734.5,2430.0,2603.0,2440.5
2024-12-16 00:00:00+00:00,2478.00000000,2479.00000000,2416.50000000,2423.50000000,406218,2480.00000000,63.50000000,2719.0,2416.5,2592.5,2416.5
2024-12-17 00:00:00+00:00,2414.00000000,2429.00000000,2375.50000000,2398.50000000,434708,2423.50000000,53.50000000,2669.5,2375.5,2591.0,2375.5
2024-12-18 00:00:00+00:00,2402.50000000,2447.00000000,2384.50000000,2439.50000000,324966,2398.50000000,62.50000000,2633.0,2375.5,2591.0,2375.5
2024-12-19 00:00:00+00:00,2440.00000000,2475.00000000,2416.00000000,2440.00000000,492001,2439.50000000,59.00000000,2633.0,2375.5,2591.0,2375.5
2024-12-20 00:00:00+00:00,2449.00000000,2664.00000000,2427.00000000,2658.50000000,983412,2440.00000000,237.00000000,2664.0,2375.5,2664.0,2375.5
2024-12-23 00:00:00+00:00,2683.50000000,2766.00000000,2666.50000000,2721.50000000,640275,2658.50000000,107.50000000,2766.0,2375.5,2766.0,2375.5
2024-12-24 00:00:00+00:00,2721.00000000,2729.50000000,2686.00000000,2690.00000000,407942,2721.50000000,43.50000000,2766.0,2375.5,2766.0,2375.5
2024-12-25 00:00:00+00:00,2687.50000000,2768.50000000,2671.50000000,2757.00000000,578763,2690.00000000,97.00000000,2768.5,2375.5,2768.5,2375.5
2024-12-26 00:00:00+00:00,2759.50000000,2781.00000000,2743.00000000,2757.50000000,373716,2757.00000000,38.00000000,2781.0,2375.5,2781.0,2375.5
2024-12-27 00:00:00+00:00,2754.00000000,2773.50000000,2751.00000000,2771.00000000,218917,2757.50000000,22.50000000,2781.0,2375.5,2781.0,2375.5
2024-12-28 00:00:00+00:00,2771.50000000,2823.00000000,2767.00000000,2810.00000000,208215,2771.00000000,56.00000000,2823.0,2375.5,2823.0,2375.5
2024-12-30 00:00:00+00:00,2822.00000000,2914.00000000,2819.50000000,2905.00000000,289427,2810.00000000,104.00000000,2914.0,2375.5,2914.0,2384.5
2025-01-03 00:00:00+00:00,2907.00000000,2912.00000000,2816.00000000,2832.00000000,281552,2905.00000000,96.00000000,2914.0,2375.5,2914.0,2416.0
2025-01-06 00:00:00+00:00,2820.00000000,2832.00000000,2795.50000000,2832.00000000,162946,2832.00000000,36.50000000,2914.0,2375.5,2914.0,2427.0
2025-01-08 00:00:00+00:00,2827.00000000,2852.50000000,2815.50000000,2844.50000000,156095,2832.00000000,37.00000000,2914.0,2375.5,2914.0,2666.5
2025-01-09 00:00:00+00:00,2850.00000000,2859.50000000,2762.00000000,2772.50000000,485460,2844.50000000,97.50000000,2914.0,2375.5,2914.0,2671.5
2025-01-10 00:00:00+00:00,2777.00000000,2849.00000000,2750.50000000,2836.00000000,562049,2772.50000000,98.50000000,2914.0,2375.5,2914.0,2671.5
2025-01-13 00:00:00+00:00,2859.50000000,2887.50000000,2840.00000000,2857.00000000,414265,2836.00000000,51.50000000,2914.0,2375.5,2914.0,2743.0
2025-01-14 00:00:00+00:00,2847.00000000,2884.00000000,2832.50000000,2875.00000000,324536,2857.00000000,51.50000000,2914.0,2375.5,2914.0,2750.5
2025-01-15 00:00:00+00:00,2876.50000000,2910.50000000,2842.00000000,2909.50000000,348417,2875.00000000,68.50000000,2914.0,2375.5,2914.0,2750.5
2025-01-16 00:00:00+00:00,2912.50000000,2935.50000000,2894.50000000,2913.00000000,441418,2909.50000000,41.00000000,2935.5,2375.5,2935.5,2750.5
2025-01-17 00:00:00+00:00,2912.50000000,2959.50000000,2897.00000000,2957.50000000,401870,2913.00000000,62.50000000,2959.5,2384.5,2959.5,2750.5
2025-01-20 00:00:00+00:00,2970.00000000,2989.00000000,2905.50000000,2915.00000000,674699,2957.50000000,83.50000000,2989.0,2416.0,2989.0,2750.5
2025-01-21 00:00:00+00:00,2918.00000000,2951.00000000,2889.50000000,2948.00000000,435448,2915.00000000,61.50000000,2989.0,2427.0,2989.0,2750.5
2025-01-22 00:00:00+00:00,2953.00000000,2988.00000000,2930.00000000,2942.00000000,506172,2948.00000000,58.00000000,2989.0,2666.5,2989.0,2750.5
2025-01-23 00:00:00+00:00,2937.50000000,2964.50000000,2913.50000000,2964.50000000,477138,2942.00000000,51.00000000,2989.0,2671.5,2989.0,2750.5
2025-01-24 00:00:00+00:00,2964.00000000,2976.50000000,2937.50000000,2962.50000000,378919,2964.50000000,39.00000000,2989.0,2671.5,2989.0,2832.5
2025-01-27 00:00:00+00:00,2960.00000000,2964.00000000,2884.50000000,2890.50000000,485768,2962.50000000,79.50000000,2989.0,2743.0,2989.0,2832.5
2025-01-28 00:00:00+00:00,2887.00000000,2949.00000000,2874.50000000,2936.00000000,539256,2890.50000000,74.50000000,2989.0,2750.5,2989.0,2842.0
2025-01-29 00:00:00+00:00,2937.50000000,2962.00000000,2930.50000000,2943.00000000,296512,2936.00000000,31.50000000,2989.0,2750.5,2989.0,2874.5
2025-01-30 00:00:00+00:00,2947.00000000,2974.50000000,2943.00000000,2974.00000000,344360,2943.00000000,31.50000000,2989.0,2750.5,2989.0,2874.5
2025-01-31 00:00:00+00:00,2976.50000000,2997.00000000,2944.50000000,2955.00000000,438223,2974.00000000,52.50000000,2997.0,2750.5,2997.0,2874.5
2025-02-03 00:00:00+00:00,2945.00000000,2952.00000000,2916.50000000,2938.00000000,366384,2955.00000000,38.50000000,2997.0,2750.5,2997.0,2874.5
2025-02-04 00:00:00+00:00,2936.00000000,2953.00000000,2905.00000000,2911.00000000,326635,2938.00000000,48.00000000,2997.0,2750.5,2997.0,2874.5
2025-02-05 00:00:00+00:00,2911.00000000,2965.00000000,2895.00000000,2959.00000000,467258,2911.00000000,70.00000000,2997.0,2750.5,2997.0,2874.5
2025-02-06 00:00:00+00:00,2965.00000000,2989.00000000,2953.50000000,2976.00000000,337359,2959.00000000,35.50000000,2997.0,2750.5,2997.0,2874.5
2025-02-07 00:00:00+00:00,2983.00000000,2988.00000000,2960.50000000,2973.00000000,282397,2976.00000000,27.50000000,2997.0,2832.5,2997.0,2874.5
2025-02-10 00:00:00+00:00,2987.00000000,3025.00000000,2974.50000000,2986.00000000,464827,2973.00000000,52.00000000,3025.0,2832.5,3025.0,2874.5
2025-02-11 00:00:00+00:00,2991.50000000,3030.00000000,2985.00000000,3027.50000000,348676,2986.00000000,45.00000000,3030.0,2842.0,3030.0,2895.0
2025-02-12 00:00:00+00:00,3037.50000000,3177.00000000,3009.00000000,3177.00000000,841164,3027.50000000,168.00000000,3177.0,2874.5,3177.0,2895.0
2025-02-13 00:00:00+00:00,3177.00000000,3267.00000000,3146.50000000,3267.00000000,761544,3177.00000000,120.50000000,3267.0,2874.5,3267.0,2895.0
2025-02-14 00:00:00+00:00,3259.50000000,3294.50000000,3154.00000000,3210.50000000,1056201,3267.00000000,140.50000000,3294.5,2874.5,3294.5,2895.0
2025-02-14 00:00:00+00:00,3259.50000000,3294.50000000,3154.00000000,3210.50000000,1056201,3210.50000000,140.50000000,3294.5,2874.5,3294.5,2895.0
